nom,level,specialite,CM,TD,TP,total,filiere,departement
Programmation L1,1,Gestion,21,7,4,32,GIT,GIT
Programmation L1,1,Physique,18,7,8,33,GIT,GIT
Analyse L1,1,IA,24,7,5,36,GIT,GIT
Optimisation L1,1,Info,13,7,9,29,GIT,GIT
Optimisation L1,1,Math,24,5,11,40,GIT,GIT
Systèmes L1,1,Mécanique,18,5,12,35,GIT,GIT
Optimisation L1,1,Physique,22,9,9,40,GIT,GIT
Programmation L1,1,Mécanique,23,5,4,32,GIT,GIT
Analyse L1,1,IA,16,5,7,28,GIT,GIT
Programmation L1,1,Info,16,8,9,33,GIT,GIT
Analyse L1,1,Data,17,6,8,31,GIT,GIT
Programmation L1,1,Physique,22,6,12,40,GIT,GIT
Optimisation L1,1,Physique,19,8,8,35,GIT,GIT
Programmation L1,1,Mécanique,22,7,4,33,GIT,GIT
Systèmes L1,1,Math,12,7,10,29,GIT,GIT
Programmation L2,2,Gestion,15,9,9,33,GIT,GIT
Programmation L2,2,Info,19,8,11,38,GIT,GIT
Optimisation L2,2,Info,14,6,12,32,GIT,GIT
Optimisation L2,2,IA,23,9,10,42,GIT,GIT
Optimisation L2,2,IA,17,6,6,29,GIT,GIT
Programmation L2,2,Gestion,13,5,5,23,GIT,GIT
Statistiques L2,2,IA,14,8,5,27,GIT,GIT
Systèmes L2,2,Data,21,8,12,41,GIT,GIT
Systèmes L2,2,Mécanique,12,5,12,29,GIT,GIT
Systèmes L2,2,IA,22,7,5,34,GIT,GIT
Systèmes L2,2,Data,14,8,4,26,GIT,GIT
Analyse L2,2,Mécanique,24,6,12,42,GIT,GIT
Optimisation L2,2,Physique,22,7,12,41,GIT,GIT
Optimisation L2,2,Mécanique,14,7,6,27,GIT,GIT
Statistiques L2,2,Math,20,5,9,34,GIT,GIT
Programmation L3,3,Math,13,7,8,28,GIT,GIT
Analyse L3,3,Gestion,15,9,5,29,GIT,GIT
Programmation L3,3,Physique,19,5,12,36,GIT,GIT
Programmation L3,3,Info,22,8,12,42,GIT,GIT
Programmation L3,3,Data,20,9,10,39,GIT,GIT
Statistiques L3,3,Gestion,24,6,8,38,GIT,GIT
Optimisation L3,3,IA,22,7,11,40,GIT,GIT
Analyse L3,3,Info,13,6,7,26,GIT,GIT
Programmation L3,3,Data,12,9,12,33,GIT,GIT
Analyse L3,3,Physique,15,5,5,25,GIT,GIT
Analyse L3,3,Data,13,5,9,27,GIT,GIT
Programmation L3,3,Data,15,7,11,33,GIT,GIT
Programmation L3,3,Mécanique,14,9,11,34,GIT,GIT
Analyse L3,3,Math,19,8,7,34,GIT,GIT
Statistiques L3,3,IA,22,8,9,39,GIT,GIT
Analyse L3,3,IA,19,5,5,29,GIT,GIT
Programmation L3,3,Physique,23,7,5,35,GIT,GIT
Programmation L3,3,IA,15,9,11,35,GIT,GIT
Programmation L3,3,Mécanique,14,7,11,32,GIT,GIT
Analyse L3,3,Math,13,8,12,33,GIT,GIT
Analyse L4,4,Mécanique,22,9,4,35,GIT,GIT
Statistiques L4,4,IA,15,6,10,31,GIT,GIT
Programmation L4,4,IA,15,8,4,27,GIT,GIT
Statistiques L4,4,Info,12,8,8,28,GIT,GIT
Programmation L4,4,Physique,18,9,11,38,GIT,GIT
Optimisation L4,4,Gestion,16,6,4,26,GIT,GIT
Analyse L4,4,Math,20,5,9,34,GIT,GIT
Optimisation L4,4,Physique,21,8,12,41,GIT,GIT
Programmation L4,4,Math,12,9,5,26,GIT,GIT
Statistiques L4,4,Math,21,5,7,33,GIT,GIT
Optimisation L4,4,Math,21,6,4,31,GIT,GIT
Systèmes L4,4,Info,18,9,12,39,GIT,GIT
Systèmes L4,4,IA,15,7,7,29,GIT,GIT
Systèmes L4,4,Mécanique,14,7,11,32,GIT,GIT
Optimisation L4,4,Data,13,5,11,29,GIT,GIT
Programmation L4,4,Data,13,5,12,30,GIT,GIT
Analyse L4,4,Physique,16,6,9,31,GIT,GIT
Statistiques L4,4,Mécanique,17,7,6,30,GIT,GIT
Analyse L4,4,Gestion,20,7,12,39,GIT,GIT
Programmation L4,4,Info,20,7,5,32,GIT,GIT
Programmation L5,5,Info,13,5,12,30,GIT,GIT
Systèmes L5,5,Physique,16,9,7,32,GIT,GIT
Statistiques L5,5,Info,22,7,12,41,GIT,GIT
Systèmes L5,5,Math,12,5,10,27,GIT,GIT
Systèmes L5,5,Physique,12,7,6,25,GIT,GIT
Statistiques L5,5,Data,23,8,12,43,GIT,GIT
Programmation L5,5,Data,12,5,5,22,GIT,GIT
Programmation L5,5,IA,12,7,12,31,GIT,GIT
Systèmes L5,5,Mécanique,14,5,8,27,GIT,GIT
Programmation L5,5,Gestion,12,7,7,26,GIT,GIT
Statistiques L5,5,Data,13,7,12,32,GIT,GIT
Programmation L5,5,Mécanique,23,6,7,36,GIT,GIT
Analyse L5,5,Physique,24,6,10,40,GIT,GIT
Programmation L5,5,Info,23,7,10,40,GIT,GIT
Analyse L5,5,Mécanique,14,5,10,29,GIT,GIT
Statistiques L5,5,Info,19,6,7,32,GIT,GIT
Analyse L5,5,Gestion,16,6,7,29,GIT,GIT
Systèmes L5,5,Mécanique,15,8,9,32,GIT,GIT
Optimisation L5,5,IA,13,7,9,29,GIT,GIT
Analyse L5,5,Math,22,9,9,40,GIT,GIT
Analyse L1,1,Math,16,6,8,30,GCI,GCI
Systèmes L1,1,IA,21,8,9,38,GCI,GCI
Statistiques L1,1,Data,21,9,5,35,GCI,GCI
Statistiques L1,1,Math,15,7,4,26,GCI,GCI
Systèmes L1,1,IA,20,9,7,36,GCI,GCI
Analyse L1,1,Gestion,13,7,9,29,GCI,GCI
Statistiques L1,1,Info,16,9,8,33,GCI,GCI
Programmation L1,1,Physique,18,7,12,37,GCI,GCI
Optimisation L1,1,Data,18,8,6,32,GCI,GCI
Analyse L1,1,Info,16,8,12,36,GCI,GCI
Optimisation L1,1,Data,16,6,10,32,GCI,GCI
Statistiques L1,1,IA,22,7,11,40,GCI,GCI
Statistiques L1,1,Mécanique,22,6,12,40,GCI,GCI
Systèmes L1,1,Data,24,6,5,35,GCI,GCI
Analyse L1,1,Mécanique,22,9,9,40,GCI,GCI
Programmation L2,2,Mécanique,24,6,8,38,GCI,GCI
Analyse L2,2,Physique,15,6,4,25,GCI,GCI
Statistiques L2,2,IA,19,9,5,33,GCI,GCI
Statistiques L2,2,IA,22,9,7,38,GCI,GCI
Analyse L2,2,Mécanique,18,6,6,30,GCI,GCI
Programmation L2,2,Physique,24,5,10,39,GCI,GCI
Analyse L2,2,Data,24,9,11,44,GCI,GCI
Programmation L2,2,Mécanique,15,5,11,31,GCI,GCI
Optimisation L2,2,Info,19,9,12,40,GCI,GCI
Statistiques L2,2,Mécanique,24,8,12,44,GCI,GCI
Statistiques L2,2,IA,20,8,6,34,GCI,GCI
Optimisation L2,2,IA,16,6,8,30,GCI,GCI
Statistiques L2,2,Math,22,6,8,36,GCI,GCI
Systèmes L2,2,Info,23,7,7,37,GCI,GCI
Programmation L2,2,Physique,17,9,5,31,GCI,GCI
Programmation L3,3,Math,15,8,6,29,GCI,GCI
Optimisation L3,3,IA,18,8,9,35,GCI,GCI
Statistiques L3,3,IA,18,5,7,30,GCI,GCI
Optimisation L3,3,IA,24,9,4,37,GCI,GCI
Systèmes L3,3,Mécanique,19,5,9,33,GCI,GCI
Optimisation L3,3,Mécanique,18,8,12,38,GCI,GCI
Programmation L3,3,Info,21,6,11,38,GCI,GCI
Statistiques L3,3,Info,18,8,4,30,GCI,GCI
Statistiques L3,3,Physique,22,8,6,36,GCI,GCI
Statistiques L3,3,Data,21,9,4,34,GCI,GCI
Statistiques L3,3,Physique,21,5,5,31,GCI,GCI
Systèmes L3,3,IA,19,6,4,29,GCI,GCI
Systèmes L3,3,Info,17,6,11,34,GCI,GCI
Statistiques L3,3,Info,24,8,8,40,GCI,GCI
Optimisation L3,3,Math,13,8,4,25,GCI,GCI
Analyse L3,3,Mécanique,17,6,5,28,GCI,GCI
Analyse L3,3,Data,12,6,7,25,GCI,GCI
Statistiques L3,3,Gestion,14,6,6,26,GCI,GCI
Statistiques L3,3,Gestion,13,9,7,29,GCI,GCI
Optimisation L3,3,Data,16,7,6,29,GCI,GCI
Systèmes L4,4,Math,23,5,6,34,GCI,GCI
Optimisation L4,4,Gestion,21,5,8,34,GCI,GCI
Analyse L4,4,Data,18,8,7,33,GCI,GCI
Systèmes L4,4,Mécanique,23,6,5,34,GCI,GCI
Optimisation L4,4,Mécanique,22,9,5,36,GCI,GCI
Statistiques L4,4,Gestion,12,7,12,31,GCI,GCI
Systèmes L4,4,Math,17,5,12,34,GCI,GCI
Statistiques L4,4,Info,18,8,5,31,GCI,GCI
Statistiques L4,4,Physique,22,8,6,36,GCI,GCI
Optimisation L4,4,Mécanique,23,9,8,40,GCI,GCI
Statistiques L4,4,Mécanique,20,8,11,39,GCI,GCI
Systèmes L4,4,Mécanique,23,9,8,40,GCI,GCI
Statistiques L4,4,Physique,15,5,8,28,GCI,GCI
Systèmes L4,4,Math,24,8,10,42,GCI,GCI
Statistiques L4,4,Physique,19,7,6,32,GCI,GCI
Systèmes L4,4,Data,17,7,9,33,GCI,GCI
Analyse L4,4,Data,23,7,12,42,GCI,GCI
Statistiques L4,4,IA,15,5,7,27,GCI,GCI
Statistiques L4,4,IA,20,6,11,37,GCI,GCI
Systèmes L4,4,Physique,24,5,5,34,GCI,GCI
Optimisation L5,5,Info,18,6,8,32,GCI,GCI
Systèmes L5,5,IA,19,9,12,40,GCI,GCI
Systèmes L5,5,Gestion,23,9,9,41,GCI,GCI
Systèmes L5,5,Physique,19,7,8,34,GCI,GCI
Analyse L5,5,Gestion,13,6,9,28,GCI,GCI
Programmation L5,5,Gestion,20,6,7,33,GCI,GCI
Optimisation L5,5,Info,19,7,12,38,GCI,GCI
Programmation L5,5,Info,13,6,8,27,GCI,GCI
Optimisation L5,5,Physique,14,7,4,25,GCI,GCI
Optimisation L5,5,Info,16,5,4,25,GCI,GCI
Analyse L5,5,Mécanique,23,6,11,40,GCI,GCI
Statistiques L5,5,IA,12,9,8,29,GCI,GCI
Analyse L5,5,Info,19,7,6,32,GCI,GCI
Statistiques L5,5,IA,19,5,5,29,GCI,GCI
Programmation L5,5,Physique,13,9,4,26,GCI,GCI
Analyse L5,5,Physique,24,9,8,41,GCI,GCI
Optimisation L5,5,Data,13,9,10,32,GCI,GCI
Optimisation L5,5,IA,24,9,7,40,GCI,GCI
Optimisation L5,5,IA,19,8,8,35,GCI,GCI
Optimisation L5,5,Gestion,16,9,4,29,GCI,GCI
Systèmes L1,1,Gestion,13,6,7,26,GPR,GPR
Programmation L1,1,Data,13,6,7,26,GPR,GPR
Statistiques L1,1,IA,13,6,4,23,GPR,GPR
Systèmes L1,1,Math,23,9,11,43,GPR,GPR
Statistiques L1,1,Math,15,7,8,30,GPR,GPR
Optimisation L1,1,Gestion,22,6,8,36,GPR,GPR
Analyse L1,1,Data,24,6,10,40,GPR,GPR
Programmation L1,1,Math,15,6,8,29,GPR,GPR
Optimisation L1,1,Gestion,12,6,8,26,GPR,GPR
Analyse L1,1,IA,21,7,11,39,GPR,GPR
Systèmes L1,1,Data,23,7,10,40,GPR,GPR
Analyse L1,1,Data,20,8,11,39,GPR,GPR
Optimisation L1,1,Info,12,8,9,29,GPR,GPR
Optimisation L1,1,Data,12,5,7,24,GPR,GPR
Programmation L1,1,IA,12,7,4,23,GPR,GPR
Programmation L2,2,Data,20,8,8,36,GPR,GPR
Statistiques L2,2,Info,18,8,5,31,GPR,GPR
Analyse L2,2,Mécanique,18,7,9,34,GPR,GPR
Statistiques L2,2,Info,14,7,10,31,GPR,GPR
Analyse L2,2,IA,22,8,12,42,GPR,GPR
Systèmes L2,2,Math,13,7,8,28,GPR,GPR
Analyse L2,2,Gestion,24,8,12,44,GPR,GPR
Analyse L2,2,Physique,20,8,10,38,GPR,GPR
Statistiques L2,2,Mécanique,20,7,11,38,GPR,GPR
Optimisation L2,2,Physique,12,6,8,26,GPR,GPR
Analyse L2,2,Math,16,8,11,35,GPR,GPR
Programmation L2,2,Info,22,9,7,38,GPR,GPR
Statistiques L2,2,Math,20,5,12,37,GPR,GPR
Analyse L2,2,Gestion,15,5,11,31,GPR,GPR
Optimisation L2,2,Gestion,14,8,8,30,GPR,GPR
Statistiques L3,3,Physique,16,8,11,35,GPR,GPR
Statistiques L3,3,Physique,19,9,6,34,GPR,GPR
Analyse L3,3,Info,21,9,6,36,GPR,GPR
Optimisation L3,3,Info,24,8,9,41,GPR,GPR
Optimisation L3,3,Data,12,7,8,27,GPR,GPR
Statistiques L3,3,Data,22,8,6,36,GPR,GPR
Optimisation L3,3,Mécanique,19,7,9,35,GPR,GPR
Systèmes L3,3,Mécanique,20,8,11,39,GPR,GPR
Programmation L3,3,Mécanique,15,6,10,31,GPR,GPR
Systèmes L3,3,Gestion,24,8,4,36,GPR,GPR
Programmation L3,3,IA,19,8,10,37,GPR,GPR
Optimisation L3,3,Info,12,6,12,30,GPR,GPR
Optimisation L3,3,IA,13,8,5,26,GPR,GPR
Programmation L3,3,Math,12,6,10,28,GPR,GPR
Optimisation L3,3,Gestion,19,7,9,35,GPR,GPR
Optimisation L3,3,IA,18,5,9,32,GPR,GPR
Analyse L3,3,Data,17,8,12,37,GPR,GPR
Programmation L3,3,Gestion,13,6,8,27,GPR,GPR
Analyse L3,3,IA,13,8,5,26,GPR,GPR
Analyse L3,3,Info,14,7,4,25,GPR,GPR
Systèmes L4,4,Info,24,5,8,37,GPR,GPR
Optimisation L4,4,IA,18,6,7,31,GPR,GPR
Programmation L4,4,Math,21,6,6,33,GPR,GPR
Statistiques L4,4,Data,21,8,7,36,GPR,GPR
Systèmes L4,4,IA,14,6,11,31,GPR,GPR
Systèmes L4,4,Gestion,16,5,11,32,GPR,GPR
Statistiques L4,4,Info,20,6,5,31,GPR,GPR
Systèmes L4,4,IA,21,7,10,38,GPR,GPR
Statistiques L4,4,Math,16,6,10,32,GPR,GPR
Optimisation L4,4,Info,15,8,9,32,GPR,GPR
Statistiques L4,4,Info,23,7,4,34,GPR,GPR
Optimisation L4,4,Gestion,12,9,4,25,GPR,GPR
Optimisation L4,4,Mécanique,19,7,7,33,GPR,GPR
Optimisation L4,4,Info,17,6,7,30,GPR,GPR
Analyse L4,4,Info,22,6,5,33,GPR,GPR
Optimisation L4,4,Info,24,8,4,36,GPR,GPR
Systèmes L4,4,Info,23,6,5,34,GPR,GPR
Programmation L4,4,Physique,23,8,6,37,GPR,GPR
Optimisation L4,4,Data,24,9,9,42,GPR,GPR
Statistiques L4,4,Mécanique,16,6,8,30,GPR,GPR
Statistiques L5,5,Math,16,7,5,28,GPR,GPR
Optimisation L5,5,Info,14,6,10,30,GPR,GPR
Systèmes L5,5,Data,13,8,4,25,GPR,GPR
Systèmes L5,5,Data,13,8,9,30,GPR,GPR
Programmation L5,5,IA,18,7,5,30,GPR,GPR
Systèmes L5,5,Data,12,9,12,33,GPR,GPR
Systèmes L5,5,Gestion,15,5,11,31,GPR,GPR
Analyse L5,5,Math,18,5,6,29,GPR,GPR
Analyse L5,5,Physique,16,8,5,29,GPR,GPR
Statistiques L5,5,Info,20,6,10,36,GPR,GPR
Optimisation L5,5,Gestion,22,9,10,41,GPR,GPR
Analyse L5,5,Mécanique,23,6,10,39,GPR,GPR
Systèmes L5,5,Math,19,9,10,38,GPR,GPR
Statistiques L5,5,IA,23,7,7,37,GPR,GPR
Systèmes L5,5,Data,15,7,5,27,GPR,GPR
Statistiques L5,5,Info,22,7,4,33,GPR,GPR
Analyse L5,5,Gestion,15,5,11,31,GPR,GPR
Analyse L5,5,Mécanique,15,9,4,28,GPR,GPR
Optimisation L5,5,Physique,17,6,6,29,GPR,GPR
Optimisation L5,5,Physique,13,9,7,29,GPR,GPR
Optimisation L1,1,Math,15,7,6,28,GMP,GMP
Optimisation L1,1,Info,16,6,6,28,GMP,GMP
Analyse L1,1,Physique,24,6,5,35,GMP,GMP
Optimisation L1,1,Info,12,7,7,26,GMP,GMP
Analyse L1,1,Physique,12,6,8,26,GMP,GMP
Analyse L1,1,Gestion,23,8,12,43,GMP,GMP
Systèmes L1,1,Data,13,8,11,32,GMP,GMP
Optimisation L1,1,Physique,21,5,11,37,GMP,GMP
Systèmes L1,1,IA,21,5,12,38,GMP,GMP
Statistiques L1,1,Mécanique,22,5,4,31,GMP,GMP
Statistiques L1,1,Gestion,18,8,5,31,GMP,GMP
Systèmes L1,1,Data,19,5,5,29,GMP,GMP
Systèmes L1,1,Data,14,5,6,25,GMP,GMP
Systèmes L1,1,IA,22,9,12,43,GMP,GMP
Statistiques L1,1,Data,21,9,8,38,GMP,GMP
Analyse L2,2,Mécanique,21,8,5,34,GMP,GMP
Statistiques L2,2,IA,22,9,7,38,GMP,GMP
Statistiques L2,2,IA,15,8,9,32,GMP,GMP
Statistiques L2,2,Info,18,5,9,32,GMP,GMP
Programmation L2,2,Gestion,22,7,9,38,GMP,GMP
Analyse L2,2,Math,19,5,5,29,GMP,GMP
Programmation L2,2,Data,18,5,9,32,GMP,GMP
Optimisation L2,2,Info,12,9,12,33,GMP,GMP
Systèmes L2,2,Mécanique,22,5,10,37,GMP,GMP
Systèmes L2,2,Data,22,8,4,34,GMP,GMP
Optimisation L2,2,Data,16,7,5,28,GMP,GMP
Programmation L2,2,Mécanique,15,6,11,32,GMP,GMP
Systèmes L2,2,Math,13,7,12,32,GMP,GMP
Statistiques L2,2,Mécanique,24,7,7,38,GMP,GMP
Analyse L2,2,Data,20,9,12,41,GMP,GMP
Programmation L3,3,Info,22,7,4,33,GMP,GMP
Systèmes L3,3,Math,23,7,9,39,GMP,GMP
Analyse L3,3,Physique,14,6,10,30,GMP,GMP
Optimisation L3,3,Physique,23,5,5,33,GMP,GMP
Systèmes L3,3,Physique,18,8,11,37,GMP,GMP
Optimisation L3,3,Data,17,7,9,33,GMP,GMP
Programmation L3,3,Mécanique,13,5,6,24,GMP,GMP
Systèmes L3,3,IA,21,5,5,31,GMP,GMP
Optimisation L3,3,IA,22,8,11,41,GMP,GMP
Optimisation L3,3,Math,18,7,7,32,GMP,GMP
Systèmes L3,3,Gestion,17,8,5,30,GMP,GMP
Optimisation L3,3,Gestion,22,9,11,42,GMP,GMP
Statistiques L3,3,Data,16,5,7,28,GMP,GMP
Systèmes L3,3,Physique,12,5,7,24,GMP,GMP
Systèmes L3,3,Info,24,6,8,38,GMP,GMP
Statistiques L3,3,Physique,13,5,11,29,GMP,GMP
Programmation L3,3,Data,14,8,12,34,GMP,GMP
Statistiques L3,3,Mécanique,20,7,5,32,GMP,GMP
Analyse L3,3,IA,23,5,10,38,GMP,GMP
Optimisation L3,3,IA,13,7,10,30,GMP,GMP
Analyse L4,4,IA,23,8,8,39,GMP,GMP
Optimisation L4,4,IA,12,7,6,25,GMP,GMP
Statistiques L4,4,Mécanique,23,7,5,35,GMP,GMP
Optimisation L4,4,IA,13,6,10,29,GMP,GMP
Systèmes L4,4,Gestion,20,5,10,35,GMP,GMP
Programmation L4,4,Math,17,6,9,32,GMP,GMP
Optimisation L4,4,Physique,20,5,12,37,GMP,GMP
Programmation L4,4,Physique,24,7,9,40,GMP,GMP
Programmation L4,4,Physique,13,6,8,27,GMP,GMP
Programmation L4,4,Mécanique,21,6,5,32,GMP,GMP
Optimisation L4,4,Mécanique,22,8,11,41,GMP,GMP
Systèmes L4,4,Physique,21,8,9,38,GMP,GMP
Statistiques L4,4,Gestion,19,5,11,35,GMP,GMP
Systèmes L4,4,Data,16,7,4,27,GMP,GMP
Statistiques L4,4,Math,13,7,11,31,GMP,GMP
Analyse L4,4,Gestion,12,7,8,27,GMP,GMP
Statistiques L4,4,IA,13,9,12,34,GMP,GMP
Statistiques L4,4,Mécanique,21,9,4,34,GMP,GMP
Optimisation L4,4,IA,21,6,9,36,GMP,GMP
Statistiques L4,4,Math,20,6,4,30,GMP,GMP
Optimisation L5,5,Gestion,24,7,5,36,GMP,GMP
Statistiques L5,5,IA,14,5,7,26,GMP,GMP
Systèmes L5,5,Info,20,9,6,35,GMP,GMP
Systèmes L5,5,Gestion,16,8,10,34,GMP,GMP
Analyse L5,5,Info,21,5,9,35,GMP,GMP
Systèmes L5,5,Info,13,9,10,32,GMP,GMP
Systèmes L5,5,Math,23,9,6,38,GMP,GMP
Systèmes L5,5,Gestion,21,6,9,36,GMP,GMP
Optimisation L5,5,Gestion,23,8,6,37,GMP,GMP
Statistiques L5,5,Gestion,13,7,12,32,GMP,GMP
Optimisation L5,5,Math,24,7,6,37,GMP,GMP
Systèmes L5,5,Math,22,8,12,42,GMP,GMP
Programmation L5,5,Info,17,7,6,30,GMP,GMP
Programmation L5,5,Physique,24,8,7,39,GMP,GMP
Analyse L5,5,Data,14,5,8,27,GMP,GMP
Analyse L5,5,Gestion,24,9,12,45,GMP,GMP
Optimisation L5,5,IA,17,9,6,32,GMP,GMP
Optimisation L5,5,Mécanique,14,6,6,26,GMP,GMP
Statistiques L5,5,Info,14,8,4,26,GMP,GMP
Optimisation L5,5,Info,22,6,11,39,GMP,GMP
Optimisation L1,1,Physique,24,8,7,39,GAM,GAM
Systèmes L1,1,Gestion,16,8,7,31,GAM,GAM
Systèmes L1,1,Mécanique,21,8,11,40,GAM,GAM
Statistiques L1,1,Physique,18,9,12,39,GAM,GAM
Systèmes L1,1,Math,15,9,6,30,GAM,GAM
Optimisation L1,1,Math,22,8,9,39,GAM,GAM
Systèmes L1,1,Math,23,9,5,37,GAM,GAM
Statistiques L1,1,Data,24,6,8,38,GAM,GAM
Programmation L1,1,Mécanique,14,8,5,27,GAM,GAM
Statistiques L1,1,Math,19,7,4,30,GAM,GAM
Programmation L1,1,IA,18,9,9,36,GAM,GAM
Analyse L1,1,Info,13,7,7,27,GAM,GAM
Programmation L1,1,Math,13,7,6,26,GAM,GAM
Statistiques L1,1,IA,16,8,6,30,GAM,GAM
Analyse L1,1,Info,21,5,5,31,GAM,GAM
Optimisation L2,2,Data,15,6,12,33,GAM,GAM
Programmation L2,2,Info,18,5,8,31,GAM,GAM
Statistiques L2,2,Gestion,13,5,7,25,GAM,GAM
Analyse L2,2,Math,24,9,11,44,GAM,GAM
Analyse L2,2,Gestion,19,9,12,40,GAM,GAM
Programmation L2,2,Info,20,9,7,36,GAM,GAM
Programmation L2,2,Data,18,5,9,32,GAM,GAM
Optimisation L2,2,Info,18,6,5,29,GAM,GAM
Optimisation L2,2,Mécanique,13,9,12,34,GAM,GAM
Statistiques L2,2,Mécanique,20,9,4,33,GAM,GAM
Systèmes L2,2,Info,19,5,10,34,GAM,GAM
Analyse L2,2,Info,23,5,9,37,GAM,GAM
Programmation L2,2,Math,15,5,9,29,GAM,GAM
Programmation L2,2,Mécanique,17,9,9,35,GAM,GAM
Programmation L2,2,Mécanique,24,8,11,43,GAM,GAM
Analyse L3,3,Info,14,5,11,30,GAM,GAM
Analyse L3,3,Info,15,5,7,27,GAM,GAM
Optimisation L3,3,IA,16,9,10,35,GAM,GAM
Systèmes L3,3,Info,16,5,7,28,GAM,GAM
Systèmes L3,3,Math,24,5,9,38,GAM,GAM
Statistiques L3,3,Gestion,24,7,10,41,GAM,GAM
Programmation L3,3,IA,19,8,9,36,GAM,GAM
Optimisation L3,3,Info,23,8,9,40,GAM,GAM
Analyse L3,3,IA,24,5,10,39,GAM,GAM
Systèmes L3,3,Info,21,6,12,39,GAM,GAM
Systèmes L3,3,Info,13,5,9,27,GAM,GAM
Programmation L3,3,Gestion,19,9,10,38,GAM,GAM
Analyse L3,3,Gestion,19,7,11,37,GAM,GAM
Systèmes L3,3,Gestion,17,9,10,36,GAM,GAM
Statistiques L3,3,Info,24,5,5,34,GAM,GAM
Programmation L3,3,Mécanique,20,6,4,30,GAM,GAM
Programmation L3,3,Math,21,8,4,33,GAM,GAM
Statistiques L3,3,Data,15,7,9,31,GAM,GAM
Statistiques L3,3,Info,12,9,6,27,GAM,GAM
Optimisation L3,3,Physique,17,8,5,30,GAM,GAM
Systèmes L4,4,Gestion,20,7,10,37,GAM,GAM
Analyse L4,4,Gestion,16,6,5,27,GAM,GAM
Statistiques L4,4,Data,14,8,12,34,GAM,GAM
Statistiques L4,4,Physique,13,7,8,28,GAM,GAM
Programmation L4,4,Math,21,7,11,39,GAM,GAM
Programmation L4,4,Gestion,14,5,11,30,GAM,GAM
Systèmes L4,4,Gestion,19,5,9,33,GAM,GAM
Systèmes L4,4,Info,13,9,12,34,GAM,GAM
Optimisation L4,4,Physique,14,6,9,29,GAM,GAM
Programmation L4,4,Mécanique,13,6,6,25,GAM,GAM
Optimisation L4,4,Data,19,5,9,33,GAM,GAM
Programmation L4,4,Data,17,8,12,37,GAM,GAM
Statistiques L4,4,Gestion,13,5,8,26,GAM,GAM
Statistiques L4,4,Mécanique,23,8,12,43,GAM,GAM
Programmation L4,4,Info,18,9,5,32,GAM,GAM
Statistiques L4,4,Gestion,22,5,11,38,GAM,GAM
Optimisation L4,4,Gestion,20,7,6,33,GAM,GAM
Statistiques L4,4,Data,21,6,6,33,GAM,GAM
Programmation L4,4,Info,12,5,12,29,GAM,GAM
Programmation L4,4,Info,14,6,9,29,GAM,GAM
Systèmes L5,5,Physique,20,7,5,32,GAM,GAM
Programmation L5,5,Gestion,22,9,8,39,GAM,GAM
Analyse L5,5,Data,16,9,12,37,GAM,GAM
Programmation L5,5,Gestion,22,6,6,34,GAM,GAM
Optimisation L5,5,Math,21,9,9,39,GAM,GAM
Optimisation L5,5,Info,12,5,4,21,GAM,GAM
Optimisation L5,5,Gestion,22,6,10,38,GAM,GAM
Systèmes L5,5,Gestion,12,8,12,32,GAM,GAM
Statistiques L5,5,Info,16,8,7,31,GAM,GAM
Programmation L5,5,IA,19,5,4,28,GAM,GAM
Programmation L5,5,Info,18,8,11,37,GAM,GAM
Systèmes L5,5,Gestion,21,6,9,36,GAM,GAM
Systèmes L5,5,Data,17,8,6,31,GAM,GAM
Programmation L5,5,IA,20,5,9,34,GAM,GAM
Programmation L5,5,Physique,13,7,11,31,GAM,GAM
Statistiques L5,5,Mécanique,13,5,8,26,GAM,GAM
Programmation L5,5,Mécanique,21,8,7,36,GAM,GAM
Programmation L5,5,Mécanique,17,9,9,35,GAM,GAM
Statistiques L5,5,IA,14,8,12,34,GAM,GAM
Analyse L5,5,IA,16,8,4,28,GAM,GAM
Programmation L1,1,Data,20,8,7,35,METROLOGIE,GPB
Systèmes L1,1,IA,17,5,4,26,METROLOGIE,GPB
Optimisation L1,1,Math,21,8,8,37,METROLOGIE,GPB
Systèmes L1,1,Gestion,13,8,6,27,METROLOGIE,GPB
Analyse L1,1,IA,17,8,9,34,METROLOGIE,GPB
Programmation L1,1,Info,12,9,12,33,METROLOGIE,GPB
Statistiques L1,1,Data,20,7,5,32,METROLOGIE,GPB
Optimisation L1,1,Gestion,19,9,8,36,METROLOGIE,GPB
Analyse L1,1,IA,21,5,6,32,METROLOGIE,GPB
Systèmes L1,1,Mécanique,17,7,12,36,METROLOGIE,GPB
Statistiques L1,1,Data,14,6,12,32,METROLOGIE,GPB
Programmation L1,1,Gestion,12,5,4,21,METROLOGIE,GPB
Statistiques L1,1,Physique,17,8,12,37,METROLOGIE,GPB
Systèmes L1,1,Data,21,9,6,36,METROLOGIE,GPB
Optimisation L1,1,Gestion,17,6,10,33,METROLOGIE,GPB
Optimisation L2,2,Mécanique,16,9,9,34,METROLOGIE,GPB
Optimisation L2,2,Info,20,9,11,40,METROLOGIE,GPB
Systèmes L2,2,Gestion,19,5,9,33,METROLOGIE,GPB
Analyse L2,2,Data,13,8,8,29,METROLOGIE,GPB
Analyse L2,2,Data,19,7,7,33,METROLOGIE,GPB
Optimisation L2,2,Mécanique,19,6,12,37,METROLOGIE,GPB
Analyse L2,2,Data,18,6,7,31,METROLOGIE,GPB
Analyse L2,2,IA,23,5,7,35,METROLOGIE,GPB
Statistiques L2,2,Gestion,17,8,6,31,METROLOGIE,GPB
Optimisation L2,2,IA,15,8,12,35,METROLOGIE,GPB
Optimisation L2,2,Physique,23,5,6,34,METROLOGIE,GPB
Optimisation L2,2,IA,20,7,11,38,METROLOGIE,GPB
Optimisation L2,2,Info,17,6,11,34,METROLOGIE,GPB
Optimisation L2,2,IA,20,7,8,35,METROLOGIE,GPB
Optimisation L2,2,Info,15,6,8,29,METROLOGIE,GPB
Programmation L3,3,Gestion,15,7,8,30,METROLOGIE,GPB
Statistiques L3,3,Info,23,8,9,40,METROLOGIE,GPB
Analyse L3,3,Data,20,7,8,35,METROLOGIE,GPB
Statistiques L3,3,Mécanique,22,9,10,41,METROLOGIE,GPB
Analyse L3,3,Info,17,6,8,31,METROLOGIE,GPB
Statistiques L3,3,Gestion,23,5,9,37,METROLOGIE,GPB
Programmation L3,3,Mécanique,16,8,7,31,METROLOGIE,GPB
Systèmes L3,3,Physique,20,7,12,39,METROLOGIE,GPB
Programmation L3,3,Math,13,9,7,29,METROLOGIE,GPB
Programmation L3,3,Math,22,9,7,38,METROLOGIE,GPB
Statistiques L3,3,Math,13,8,9,30,METROLOGIE,GPB
Optimisation L3,3,Physique,22,6,4,32,METROLOGIE,GPB
Programmation L3,3,Mécanique,18,8,11,37,METROLOGIE,GPB
Analyse L3,3,Mécanique,16,7,8,31,METROLOGIE,GPB
Optimisation L3,3,Gestion,13,9,7,29,METROLOGIE,GPB
Statistiques L3,3,Mécanique,23,5,6,34,METROLOGIE,GPB
Statistiques L3,3,Physique,14,5,10,29,METROLOGIE,GPB
Analyse L3,3,Info,23,7,4,34,METROLOGIE,GPB
Systèmes L3,3,Info,21,9,5,35,METROLOGIE,GPB
Statistiques L3,3,Physique,19,9,12,40,METROLOGIE,GPB
Programmation L4,4,Mécanique,20,8,8,36,METROLOGIE,GPB
Statistiques L4,4,Gestion,13,7,6,26,METROLOGIE,GPB
Systèmes L4,4,Mécanique,16,6,4,26,METROLOGIE,GPB
Programmation L4,4,Data,16,9,7,32,METROLOGIE,GPB
Optimisation L4,4,Info,22,8,10,40,METROLOGIE,GPB
Programmation L4,4,Physique,13,8,5,26,METROLOGIE,GPB
Analyse L4,4,Info,19,7,7,33,METROLOGIE,GPB
Systèmes L4,4,Info,18,6,11,35,METROLOGIE,GPB
Systèmes L4,4,Gestion,16,9,4,29,METROLOGIE,GPB
Analyse L4,4,IA,17,6,4,27,METROLOGIE,GPB
Optimisation L4,4,Gestion,16,6,10,32,METROLOGIE,GPB
Systèmes L4,4,Info,24,7,5,36,METROLOGIE,GPB
Programmation L4,4,IA,21,6,7,34,METROLOGIE,GPB
Statistiques L4,4,Gestion,14,8,9,31,METROLOGIE,GPB
Programmation L4,4,Mécanique,20,8,12,40,METROLOGIE,GPB
Optimisation L4,4,IA,15,9,5,29,METROLOGIE,GPB
Optimisation L4,4,Math,20,7,5,32,METROLOGIE,GPB
Programmation L4,4,Data,12,9,12,33,METROLOGIE,GPB
Systèmes L4,4,Mécanique,20,6,6,32,METROLOGIE,GPB
Programmation L4,4,Gestion,20,8,5,33,METROLOGIE,GPB
Optimisation L5,5,IA,21,8,5,34,METROLOGIE,GPB
Programmation L5,5,Data,24,5,11,40,METROLOGIE,GPB
Optimisation L5,5,IA,18,8,4,30,METROLOGIE,GPB
Statistiques L5,5,Info,22,7,4,33,METROLOGIE,GPB
Analyse L5,5,IA,12,6,5,23,METROLOGIE,GPB
Analyse L5,5,Math,17,5,12,34,METROLOGIE,GPB
Statistiques L5,5,Physique,19,5,8,32,METROLOGIE,GPB
Systèmes L5,5,IA,24,6,10,40,METROLOGIE,GPB
Analyse L5,5,Gestion,19,8,10,37,METROLOGIE,GPB
Systèmes L5,5,Math,22,9,6,37,METROLOGIE,GPB
Optimisation L5,5,Physique,14,9,10,33,METROLOGIE,GPB
Analyse L5,5,Info,23,6,4,33,METROLOGIE,GPB
Optimisation L5,5,IA,19,9,10,38,METROLOGIE,GPB
Systèmes L5,5,Physique,15,6,11,32,METROLOGIE,GPB
Analyse L5,5,Mécanique,16,6,5,27,METROLOGIE,GPB
Programmation L5,5,Physique,22,8,4,34,METROLOGIE,GPB
Statistiques L5,5,Data,13,5,4,22,METROLOGIE,GPB
Analyse L5,5,IA,22,5,7,34,METROLOGIE,GPB
Programmation L5,5,Mécanique,19,6,12,37,METROLOGIE,GPB
Optimisation L5,5,Info,24,5,6,35,METROLOGIE,GPB
Optimisation L1,1,Data,15,9,9,33,GM,GM
Systèmes L1,1,Physique,24,7,7,38,GM,GM
Statistiques L1,1,Info,22,9,7,38,GM,GM
Optimisation L1,1,Gestion,16,5,12,33,GM,GM
Statistiques L1,1,Math,14,8,12,34,GM,GM
Systèmes L1,1,Gestion,17,8,12,37,GM,GM
Systèmes L1,1,IA,18,8,6,32,GM,GM
Programmation L1,1,Mécanique,14,9,11,34,GM,GM
Statistiques L1,1,Math,15,7,6,28,GM,GM
Optimisation L1,1,Data,20,8,10,38,GM,GM
Systèmes L1,1,Physique,14,8,7,29,GM,GM
Systèmes L1,1,Math,17,5,11,33,GM,GM
Systèmes L1,1,IA,20,6,4,30,GM,GM
Analyse L1,1,Physique,22,9,4,35,GM,GM
Programmation L1,1,IA,24,9,12,45,GM,GM
Analyse L2,2,Physique,15,7,8,30,GM,GM
Programmation L2,2,Gestion,15,5,11,31,GM,GM
Programmation L2,2,Data,21,6,10,37,GM,GM
Statistiques L2,2,Data,17,7,10,34,GM,GM
Systèmes L2,2,Info,22,7,8,37,GM,GM
Analyse L2,2,Mécanique,20,8,11,39,GM,GM
Programmation L2,2,Info,23,8,9,40,GM,GM
Optimisation L2,2,Mécanique,17,8,4,29,GM,GM
Systèmes L2,2,Data,15,6,4,25,GM,GM
Systèmes L2,2,Physique,21,9,10,40,GM,GM
Statistiques L2,2,Data,15,7,7,29,GM,GM
Systèmes L2,2,Info,15,8,12,35,GM,GM
Statistiques L2,2,Physique,24,8,11,43,GM,GM
Programmation L2,2,Gestion,23,7,6,36,GM,GM
Optimisation L2,2,Gestion,20,8,6,34,GM,GM
Analyse L3,3,Mécanique,12,9,4,25,GM,GM
Statistiques L3,3,Physique,22,5,4,31,GM,GM
Programmation L3,3,Math,22,6,5,33,GM,GM
Systèmes L3,3,Math,15,9,11,35,GM,GM
Statistiques L3,3,Math,21,9,11,41,GM,GM
Statistiques L3,3,Math,12,9,12,33,GM,GM
Optimisation L3,3,Info,12,9,8,29,GM,GM
Programmation L3,3,Math,12,9,10,31,GM,GM
Programmation L3,3,Physique,13,9,6,28,GM,GM
Systèmes L3,3,Info,21,9,8,38,GM,GM
Systèmes L3,3,IA,24,8,5,37,GM,GM
Programmation L3,3,Info,19,9,7,35,GM,GM
Analyse L3,3,IA,22,5,4,31,GM,GM
Statistiques L3,3,Math,18,8,12,38,GM,GM
Analyse L3,3,IA,22,5,6,33,GM,GM
Optimisation L3,3,Math,18,7,5,30,GM,GM
Systèmes L3,3,Math,15,6,11,32,GM,GM
Optimisation L3,3,Gestion,13,7,12,32,GM,GM
Analyse L3,3,Physique,12,6,9,27,GM,GM
Analyse L3,3,Info,21,6,10,37,GM,GM
Optimisation L4,4,Mécanique,14,9,7,30,GM,GM
Statistiques L4,4,Mécanique,18,9,9,36,GM,GM
Optimisation L4,4,Gestion,23,6,5,34,GM,GM
Statistiques L4,4,Physique,17,5,5,27,GM,GM
Systèmes L4,4,Math,13,7,10,30,GM,GM
Statistiques L4,4,Physique,22,7,11,40,GM,GM
Statistiques L4,4,Physique,17,9,10,36,GM,GM
Analyse L4,4,Mécanique,22,9,10,41,GM,GM
Analyse L4,4,Math,21,7,7,35,GM,GM
Programmation L4,4,Gestion,16,6,10,32,GM,GM
Analyse L4,4,Math,18,7,9,34,GM,GM
Systèmes L4,4,Mécanique,12,7,11,30,GM,GM
Analyse L4,4,Physique,16,5,6,27,GM,GM
Optimisation L4,4,Data,18,8,12,38,GM,GM
Analyse L4,4,Info,18,5,4,27,GM,GM
Statistiques L4,4,Math,20,5,9,34,GM,GM
Analyse L4,4,Gestion,16,8,10,34,GM,GM
Programmation L4,4,Gestion,20,6,12,38,GM,GM
Systèmes L4,4,Info,18,6,6,30,GM,GM
Analyse L4,4,Physique,16,8,6,30,GM,GM
Systèmes L5,5,IA,18,7,10,35,GM,GM
Systèmes L5,5,Physique,24,5,9,38,GM,GM
Statistiques L5,5,Math,23,8,7,38,GM,GM
Statistiques L5,5,Info,14,7,4,25,GM,GM
Statistiques L5,5,Info,21,8,9,38,GM,GM
Systèmes L5,5,Info,18,9,6,33,GM,GM
Systèmes L5,5,Physique,21,6,11,38,GM,GM
Statistiques L5,5,Data,18,7,8,33,GM,GM
Statistiques L5,5,Info,24,6,9,39,GM,GM
Analyse L5,5,Data,24,8,9,41,GM,GM
Programmation L5,5,Gestion,15,9,12,36,GM,GM
Statistiques L5,5,Gestion,24,9,4,37,GM,GM
Analyse L5,5,Mécanique,15,8,8,31,GM,GM
Programmation L5,5,Gestion,24,8,11,43,GM,GM
Programmation L5,5,Gestion,16,6,8,30,GM,GM
Statistiques L5,5,Data,18,8,5,31,GM,GM
Optimisation L5,5,Data,19,9,10,38,GM,GM
Analyse L5,5,Mécanique,23,8,12,43,GM,GM
Analyse L5,5,Mécanique,17,9,5,31,GM,GM
Optimisation L5,5,Math,15,7,6,28,GM,GM
Statistiques L1,1,Math,21,8,9,38,GQHSE,GQHSE
Programmation L1,1,Data,12,5,8,25,GQHSE,GQHSE
Optimisation L1,1,Gestion,23,9,12,44,GQHSE,GQHSE
Systèmes L1,1,IA,21,6,11,38,GQHSE,GQHSE
Programmation L1,1,Info,19,9,12,40,GQHSE,GQHSE
Systèmes L1,1,IA,12,8,5,25,GQHSE,GQHSE
Systèmes L1,1,Info,13,5,6,24,GQHSE,GQHSE
Optimisation L1,1,IA,17,8,7,32,GQHSE,GQHSE
Statistiques L1,1,Gestion,17,8,5,30,GQHSE,GQHSE
Analyse L1,1,Info,23,8,9,40,GQHSE,GQHSE
Systèmes L1,1,Gestion,12,5,4,21,GQHSE,GQHSE
Optimisation L1,1,Physique,13,6,7,26,GQHSE,GQHSE
Optimisation L1,1,IA,20,6,9,35,GQHSE,GQHSE
Programmation L1,1,Physique,19,6,10,35,GQHSE,GQHSE
Analyse L1,1,Gestion,22,8,10,40,GQHSE,GQHSE
Optimisation L2,2,IA,21,6,11,38,GQHSE,GQHSE
Programmation L2,2,Info,18,5,7,30,GQHSE,GQHSE
Optimisation L2,2,Physique,24,5,5,34,GQHSE,GQHSE
Statistiques L2,2,Math,17,7,7,31,GQHSE,GQHSE
Systèmes L2,2,Data,16,8,12,36,GQHSE,GQHSE
Optimisation L2,2,Math,18,9,10,37,GQHSE,GQHSE
Optimisation L2,2,Physique,17,7,11,35,GQHSE,GQHSE
Programmation L2,2,Info,22,7,5,34,GQHSE,GQHSE
Analyse L2,2,Physique,13,6,8,27,GQHSE,GQHSE
Statistiques L2,2,IA,17,6,12,35,GQHSE,GQHSE
Statistiques L2,2,Physique,21,6,10,37,GQHSE,GQHSE
Optimisation L2,2,Physique,19,9,6,34,GQHSE,GQHSE
Programmation L2,2,Info,19,7,6,32,GQHSE,GQHSE
Systèmes L2,2,Math,19,9,4,32,GQHSE,GQHSE
Statistiques L2,2,Data,19,6,7,32,GQHSE,GQHSE
Statistiques L3,3,IA,20,8,10,38,GQHSE,GQHSE
Programmation L3,3,Math,23,8,11,42,GQHSE,GQHSE
Systèmes L3,3,Math,21,5,7,33,GQHSE,GQHSE
Systèmes L3,3,Physique,16,6,12,34,GQHSE,GQHSE
Optimisation L3,3,Data,24,8,11,43,GQHSE,GQHSE
Systèmes L3,3,Mécanique,13,9,5,27,GQHSE,GQHSE
Analyse L3,3,Mécanique,20,7,12,39,GQHSE,GQHSE
Programmation L3,3,IA,23,8,12,43,GQHSE,GQHSE
Analyse L3,3,IA,13,6,8,27,GQHSE,GQHSE
Statistiques L3,3,Mécanique,16,7,5,28,GQHSE,GQHSE
Optimisation L3,3,Gestion,13,6,7,26,GQHSE,GQHSE
Programmation L3,3,Data,17,9,10,36,GQHSE,GQHSE
Analyse L3,3,Data,14,6,7,27,GQHSE,GQHSE
Optimisation L3,3,Data,17,9,8,34,GQHSE,GQHSE
Systèmes L3,3,Data,14,7,8,29,GQHSE,GQHSE
Programmation L3,3,Mécanique,16,9,5,30,GQHSE,GQHSE
Systèmes L3,3,Mécanique,24,8,4,36,GQHSE,GQHSE
Programmation L3,3,Physique,22,6,6,34,GQHSE,GQHSE
Statistiques L3,3,IA,23,7,7,37,GQHSE,GQHSE
Statistiques L3,3,IA,14,9,8,31,GQHSE,GQHSE
Statistiques L4,4,Data,19,5,5,29,GQHSE,GQHSE
Statistiques L4,4,IA,23,7,9,39,GQHSE,GQHSE
Analyse L4,4,Gestion,17,9,4,30,GQHSE,GQHSE
Optimisation L4,4,IA,19,7,5,31,GQHSE,GQHSE
Statistiques L4,4,Info,15,8,7,30,GQHSE,GQHSE
Optimisation L4,4,Data,17,7,9,33,GQHSE,GQHSE
Systèmes L4,4,Gestion,14,9,11,34,GQHSE,GQHSE
Analyse L4,4,Gestion,24,5,4,33,GQHSE,GQHSE
Analyse L4,4,Mécanique,24,8,4,36,GQHSE,GQHSE
Analyse L4,4,IA,14,8,11,33,GQHSE,GQHSE
Programmation L4,4,Mécanique,15,6,8,29,GQHSE,GQHSE
Systèmes L4,4,Math,16,5,9,30,GQHSE,GQHSE
Statistiques L4,4,Gestion,17,6,4,27,GQHSE,GQHSE
Analyse L4,4,Gestion,16,6,10,32,GQHSE,GQHSE
Statistiques L4,4,Math,13,5,7,25,GQHSE,GQHSE
Optimisation L4,4,Gestion,14,9,7,30,GQHSE,GQHSE
Systèmes L4,4,Mécanique,19,5,4,28,GQHSE,GQHSE
Statistiques L4,4,Math,13,8,6,27,GQHSE,GQHSE
Analyse L4,4,Math,15,8,5,28,GQHSE,GQHSE
Programmation L4,4,IA,17,7,8,32,GQHSE,GQHSE
Analyse L5,5,Data,24,6,6,36,GQHSE,GQHSE
Statistiques L5,5,Info,21,5,6,32,GQHSE,GQHSE
Statistiques L5,5,Data,23,6,6,35,GQHSE,GQHSE
Analyse L5,5,Math,22,8,7,37,GQHSE,GQHSE
Systèmes L5,5,IA,14,5,10,29,GQHSE,GQHSE
Systèmes L5,5,Gestion,17,6,7,30,GQHSE,GQHSE
Optimisation L5,5,Data,13,6,12,31,GQHSE,GQHSE
Analyse L5,5,Mécanique,23,9,8,40,GQHSE,GQHSE
Optimisation L5,5,Data,22,7,7,36,GQHSE,GQHSE
Systèmes L5,5,Gestion,20,6,10,36,GQHSE,GQHSE
Statistiques L5,5,Math,12,6,11,29,GQHSE,GQHSE
Optimisation L5,5,Math,15,8,5,28,GQHSE,GQHSE
Statistiques L5,5,Mécanique,17,7,6,30,GQHSE,GQHSE
Optimisation L5,5,Gestion,21,8,9,38,GQHSE,GQHSE
Analyse L5,5,Data,14,8,5,27,GQHSE,GQHSE
Programmation L5,5,Math,13,5,8,26,GQHSE,GQHSE
Systèmes L5,5,Gestion,12,8,12,32,GQHSE,GQHSE
Statistiques L5,5,Gestion,23,9,10,42,GQHSE,GQHSE
Optimisation L5,5,Data,18,5,12,35,GQHSE,GQHSE
Systèmes L5,5,Math,14,7,5,26,GQHSE,GQHSE
Optimisation L1,1,Info,20,6,6,32,GE,GE
Systèmes L1,1,Gestion,18,9,5,32,GE,GE
Programmation L1,1,Math,18,6,4,28,GE,GE
Optimisation L1,1,Data,18,5,11,34,GE,GE
Analyse L1,1,Math,12,7,6,25,GE,GE
Programmation L1,1,IA,23,6,4,33,GE,GE
Systèmes L1,1,Physique,17,9,12,38,GE,GE
Analyse L1,1,Mécanique,17,6,8,31,GE,GE
Systèmes L1,1,Data,12,7,10,29,GE,GE
Statistiques L1,1,IA,13,7,5,25,GE,GE
Statistiques L1,1,Mécanique,20,7,4,31,GE,GE
Programmation L1,1,Info,21,6,9,36,GE,GE
Programmation L1,1,Gestion,24,5,5,34,GE,GE
Analyse L1,1,Physique,20,5,4,29,GE,GE
Statistiques L1,1,Physique,12,8,9,29,GE,GE
Statistiques L2,2,Physique,14,5,12,31,GE,GE
Systèmes L2,2,Info,17,6,10,33,GE,GE
Analyse L2,2,Data,13,9,9,31,GE,GE
Programmation L2,2,Mécanique,22,5,6,33,GE,GE
Analyse L2,2,IA,20,5,10,35,GE,GE
Analyse L2,2,Data,16,7,9,32,GE,GE
Programmation L2,2,Info,19,5,9,33,GE,GE
Statistiques L2,2,Info,21,7,7,35,GE,GE
Optimisation L2,2,Mécanique,21,8,7,36,GE,GE
Analyse L2,2,IA,24,6,6,36,GE,GE
Systèmes L2,2,Gestion,12,6,12,30,GE,GE
Analyse L2,2,Mécanique,23,5,9,37,GE,GE
Analyse L2,2,Physique,22,8,8,38,GE,GE
Statistiques L2,2,Math,20,6,10,36,GE,GE
Analyse L2,2,Physique,14,7,5,26,GE,GE
Statistiques L3,3,Gestion,20,8,9,37,GE,GE
Optimisation L3,3,Physique,13,9,5,27,GE,GE
Optimisation L3,3,Data,22,8,5,35,GE,GE
Programmation L3,3,Info,12,8,6,26,GE,GE
Systèmes L3,3,Info,16,7,10,33,GE,GE
Analyse L3,3,Physique,19,7,7,33,GE,GE
Programmation L3,3,Math,14,9,5,28,GE,GE
Systèmes L3,3,IA,14,8,11,33,GE,GE
Programmation L3,3,IA,13,9,9,31,GE,GE
Analyse L3,3,Math,16,8,8,32,GE,GE
Programmation L3,3,Mécanique,14,7,4,25,GE,GE
Programmation L3,3,Info,17,6,5,28,GE,GE
Systèmes L3,3,Info,18,9,4,31,GE,GE
Statistiques L3,3,Data,14,5,10,29,GE,GE
Analyse L3,3,IA,23,9,7,39,GE,GE
Analyse L3,3,Math,13,6,5,24,GE,GE
Programmation L3,3,Mécanique,24,6,6,36,GE,GE
Optimisation L3,3,Data,18,7,5,30,GE,GE
Analyse L3,3,Physique,16,5,4,25,GE,GE
Analyse L3,3,Mécanique,22,8,6,36,GE,GE
Analyse L4,4,IA,24,7,5,36,GE,GE
Statistiques L4,4,IA,12,6,10,28,GE,GE
Programmation L4,4,Info,12,8,10,30,GE,GE
Systèmes L4,4,IA,15,6,8,29,GE,GE
Systèmes L4,4,IA,14,5,7,26,GE,GE
Analyse L4,4,Math,18,9,11,38,GE,GE
Statistiques L4,4,Physique,16,8,6,30,GE,GE
Optimisation L4,4,Mécanique,22,9,7,38,GE,GE
Statistiques L4,4,Data,12,8,9,29,GE,GE
Optimisation L4,4,Data,24,8,9,41,GE,GE
Programmation L4,4,Math,17,8,8,33,GE,GE
Analyse L4,4,Mécanique,17,9,7,33,GE,GE
Statistiques L4,4,Data,24,7,4,35,GE,GE
Programmation L4,4,Math,17,9,7,33,GE,GE
Optimisation L4,4,Mécanique,15,6,8,29,GE,GE
Optimisation L4,4,Mécanique,24,5,7,36,GE,GE
Programmation L4,4,Physique,24,8,9,41,GE,GE
Systèmes L4,4,Data,15,9,9,33,GE,GE
Optimisation L4,4,Physique,12,7,6,25,GE,GE
Systèmes L4,4,Physique,24,8,12,44,GE,GE
Analyse L5,5,Physique,19,5,5,29,GE,GE
Optimisation L5,5,IA,21,6,4,31,GE,GE
Programmation L5,5,Info,12,7,7,26,GE,GE
Analyse L5,5,Math,23,6,9,38,GE,GE
Analyse L5,5,Mécanique,14,9,6,29,GE,GE
Systèmes L5,5,Gestion,20,7,5,32,GE,GE
Systèmes L5,5,Info,22,8,5,35,GE,GE
Statistiques L5,5,Mécanique,17,6,6,29,GE,GE
Programmation L5,5,Gestion,22,8,9,39,GE,GE
Programmation L5,5,Gestion,20,9,9,38,GE,GE
Systèmes L5,5,Gestion,21,6,10,37,GE,GE
Programmation L5,5,Gestion,23,7,6,36,GE,GE
Optimisation L5,5,Math,12,9,10,31,GE,GE
Optimisation L5,5,Physique,14,9,9,32,GE,GE
Statistiques L5,5,Physique,22,9,5,36,GE,GE
Systèmes L5,5,Info,17,5,7,29,GE,GE
Statistiques L5,5,Math,14,5,9,28,GE,GE
Analyse L5,5,Info,16,6,7,29,GE,GE
Analyse L5,5,IA,16,5,4,25,GE,GE
Statistiques L5,5,IA,19,8,6,33,GE,GE
Statistiques L1,1,Math,18,7,12,37,GESI,GESI
Programmation L1,1,IA,19,9,7,35,GESI,GESI
Analyse L1,1,Info,13,5,8,26,GESI,GESI
Systèmes L1,1,Physique,16,5,5,26,GESI,GESI
Optimisation L1,1,Math,18,6,5,29,GESI,GESI
Analyse L1,1,IA,17,9,11,37,GESI,GESI
Programmation L1,1,Math,22,6,10,38,GESI,GESI
Programmation L1,1,IA,13,7,7,27,GESI,GESI
Systèmes L1,1,Gestion,23,9,12,44,GESI,GESI
Analyse L1,1,Math,16,7,7,30,GESI,GESI
Statistiques L1,1,Physique,18,9,12,39,GESI,GESI
Statistiques L1,1,Math,12,7,4,23,GESI,GESI
Programmation L1,1,Math,16,9,11,36,GESI,GESI
Systèmes L1,1,Math,12,6,6,24,GESI,GESI
Statistiques L1,1,IA,19,5,8,32,GESI,GESI
Optimisation L2,2,IA,19,7,5,31,GESI,GESI
Systèmes L2,2,Physique,14,7,10,31,GESI,GESI
Statistiques L2,2,IA,19,5,8,32,GESI,GESI
Optimisation L2,2,Math,16,6,8,30,GESI,GESI
Systèmes L2,2,Mécanique,14,5,5,24,GESI,GESI
Optimisation L2,2,Math,20,8,7,35,GESI,GESI
Optimisation L2,2,Gestion,18,9,10,37,GESI,GESI
Statistiques L2,2,Info,19,9,7,35,GESI,GESI
Optimisation L2,2,Data,13,8,4,25,GESI,GESI
Analyse L2,2,Mécanique,20,9,6,35,GESI,GESI
Programmation L2,2,Mécanique,19,6,6,31,GESI,GESI
Statistiques L2,2,Math,15,6,4,25,GESI,GESI
Programmation L2,2,Mécanique,22,8,7,37,GESI,GESI
Analyse L2,2,Math,21,7,9,37,GESI,GESI
Optimisation L2,2,Info,18,9,10,37,GESI,GESI
Analyse L3,3,Mécanique,16,9,11,36,GESI,GESI
Statistiques L3,3,Math,23,9,12,44,GESI,GESI
Optimisation L3,3,Data,18,6,6,30,GESI,GESI
Optimisation L3,3,Mécanique,21,5,5,31,GESI,GESI
Systèmes L3,3,IA,13,7,12,32,GESI,GESI
Optimisation L3,3,Data,16,8,11,35,GESI,GESI
Systèmes L3,3,IA,19,5,6,30,GESI,GESI
Analyse L3,3,IA,14,9,10,33,GESI,GESI
Statistiques L3,3,Info,17,6,4,27,GESI,GESI
Systèmes L3,3,Info,17,5,9,31,GESI,GESI
Programmation L3,3,Physique,16,8,5,29,GESI,GESI
Systèmes L3,3,Gestion,16,8,9,33,GESI,GESI
Programmation L3,3,IA,18,9,5,32,GESI,GESI
Optimisation L3,3,Mécanique,15,8,11,34,GESI,GESI
Programmation L3,3,Math,17,5,12,34,GESI,GESI
Programmation L3,3,Mécanique,16,9,10,35,GESI,GESI
Programmation L3,3,Physique,20,9,4,33,GESI,GESI
Analyse L3,3,IA,15,5,7,27,GESI,GESI
Systèmes L3,3,Info,12,7,7,26,GESI,GESI
Analyse L3,3,Gestion,19,9,10,38,GESI,GESI
Statistiques L4,4,Data,12,6,9,27,GESI,GESI
Optimisation L4,4,Data,19,6,11,36,GESI,GESI
Systèmes L4,4,Gestion,17,7,6,30,GESI,GESI
Analyse L4,4,IA,23,5,8,36,GESI,GESI
Programmation L4,4,Gestion,12,6,7,25,GESI,GESI
Statistiques L4,4,Data,15,6,8,29,GESI,GESI
Programmation L4,4,Gestion,12,5,11,28,GESI,GESI
Programmation L4,4,Info,14,9,4,27,GESI,GESI
Statistiques L4,4,IA,21,7,8,36,GESI,GESI
Programmation L4,4,IA,17,8,8,33,GESI,GESI
Optimisation L4,4,Math,16,9,10,35,GESI,GESI
Optimisation L4,4,Gestion,12,9,9,30,GESI,GESI
Systèmes L4,4,Gestion,21,9,8,38,GESI,GESI
Systèmes L4,4,Info,13,8,5,26,GESI,GESI
Systèmes L4,4,Gestion,22,7,8,37,GESI,GESI
Programmation L4,4,Data,23,7,7,37,GESI,GESI
Optimisation L4,4,IA,24,6,4,34,GESI,GESI
Analyse L4,4,Gestion,22,7,6,35,GESI,GESI
Statistiques L4,4,IA,19,7,8,34,GESI,GESI
Systèmes L4,4,Gestion,18,5,7,30,GESI,GESI
Statistiques L5,5,Gestion,23,6,12,41,GESI,GESI
Programmation L5,5,Mécanique,17,9,8,34,GESI,GESI
Systèmes L5,5,Math,22,9,6,37,GESI,GESI
Optimisation L5,5,Mécanique,19,6,8,33,GESI,GESI
Programmation L5,5,Info,14,7,5,26,GESI,GESI
Systèmes L5,5,Info,15,7,10,32,GESI,GESI
Statistiques L5,5,Mécanique,16,9,8,33,GESI,GESI
Optimisation L5,5,Data,13,8,4,25,GESI,GESI
Programmation L5,5,Data,21,5,11,37,GESI,GESI
Systèmes L5,5,IA,13,8,12,33,GESI,GESI
Programmation L5,5,Info,12,6,6,24,GESI,GESI
Programmation L5,5,Info,18,9,11,38,GESI,GESI
Statistiques L5,5,Info,23,6,5,34,GESI,GESI
Analyse L5,5,Math,22,6,9,37,GESI,GESI
Programmation L5,5,Data,19,7,7,33,GESI,GESI
Analyse L5,5,Physique,24,6,11,41,GESI,GESI
Statistiques L5,5,IA,21,8,10,39,GESI,GESI
Analyse L5,5,Data,19,8,4,31,GESI,GESI
Systèmes L5,5,Mécanique,15,7,4,26,GESI,GESI
Analyse L5,5,Gestion,20,6,4,30,GESI,GESI
Systèmes L1,1,Info,23,6,7,36,SDIA,GIT
Optimisation L1,1,Data,14,5,10,29,SDIA,GIT
Analyse L1,1,Info,16,6,5,27,SDIA,GIT
Optimisation L1,1,Data,16,8,12,36,SDIA,GIT
Systèmes L1,1,IA,17,8,6,31,SDIA,GIT
Statistiques L1,1,Math,17,6,6,29,SDIA,GIT
Programmation L1,1,Gestion,15,6,6,27,SDIA,GIT
Programmation L1,1,Math,12,9,12,33,SDIA,GIT
Systèmes L1,1,Mécanique,17,5,10,32,SDIA,GIT
Optimisation L1,1,Math,20,9,4,33,SDIA,GIT
Analyse L1,1,Gestion,22,5,4,31,SDIA,GIT
Statistiques L1,1,Math,13,8,11,32,SDIA,GIT
Programmation L1,1,Physique,20,7,11,38,SDIA,GIT
Statistiques L1,1,Gestion,23,5,8,36,SDIA,GIT
Optimisation L1,1,Data,13,9,8,30,SDIA,GIT
Analyse L2,2,Data,23,6,10,39,SDIA,GIT
Systèmes L2,2,Math,23,9,5,37,SDIA,GIT
Programmation L2,2,Data,24,5,11,40,SDIA,GIT
Programmation L2,2,Info,15,7,12,34,SDIA,GIT
Programmation L2,2,Math,23,8,8,39,SDIA,GIT
Statistiques L2,2,Info,20,8,7,35,SDIA,GIT
Analyse L2,2,Math,15,5,4,24,SDIA,GIT
Analyse L2,2,Mécanique,21,8,6,35,SDIA,GIT
Systèmes L2,2,Gestion,20,5,5,30,SDIA,GIT
Systèmes L2,2,IA,15,8,8,31,SDIA,GIT
Analyse L2,2,Mécanique,12,5,6,23,SDIA,GIT
Statistiques L2,2,Gestion,16,7,9,32,SDIA,GIT
Analyse L2,2,Mécanique,13,5,4,22,SDIA,GIT
Systèmes L2,2,IA,14,6,9,29,SDIA,GIT
Systèmes L2,2,Mécanique,21,7,5,33,SDIA,GIT
Statistiques L3,3,IA,17,6,5,28,SDIA,GIT
Statistiques L3,3,Mécanique,19,7,10,36,SDIA,GIT
Programmation L3,3,Gestion,18,6,5,29,SDIA,GIT
Analyse L3,3,IA,23,5,6,34,SDIA,GIT
Programmation L3,3,Data,21,8,11,40,SDIA,GIT
Programmation L3,3,IA,18,7,4,29,SDIA,GIT
Statistiques L3,3,Math,19,5,10,34,SDIA,GIT
Analyse L3,3,Gestion,13,7,9,29,SDIA,GIT
Systèmes L3,3,Data,22,9,7,38,SDIA,GIT
Statistiques L3,3,Gestion,20,9,5,34,SDIA,GIT
Systèmes L3,3,Gestion,23,6,11,40,SDIA,GIT
Optimisation L3,3,Data,22,8,6,36,SDIA,GIT
Optimisation L3,3,Mécanique,12,5,6,23,SDIA,GIT
Analyse L3,3,Mécanique,19,8,6,33,SDIA,GIT
Systèmes L3,3,Info,19,7,7,33,SDIA,GIT
Optimisation L3,3,Gestion,12,9,7,28,SDIA,GIT
Analyse L3,3,IA,18,8,7,33,SDIA,GIT
Analyse L3,3,Mécanique,19,9,11,39,SDIA,GIT
Analyse L3,3,IA,19,8,9,36,SDIA,GIT
Statistiques L3,3,IA,23,5,5,33,SDIA,GIT
Analyse L4,4,Mécanique,12,9,12,33,SDIA,GIT
Optimisation L4,4,Data,13,9,8,30,SDIA,GIT
Systèmes L4,4,Mécanique,15,8,9,32,SDIA,GIT
Systèmes L4,4,Data,12,6,11,29,SDIA,GIT
Systèmes L4,4,Gestion,24,9,11,44,SDIA,GIT
Programmation L4,4,Math,19,5,5,29,SDIA,GIT
Optimisation L4,4,Data,17,7,8,32,SDIA,GIT
Programmation L4,4,IA,17,5,4,26,SDIA,GIT
Systèmes L4,4,Data,14,8,5,27,SDIA,GIT
Statistiques L4,4,Physique,15,6,5,26,SDIA,GIT
Analyse L4,4,Mécanique,19,6,9,34,SDIA,GIT
Statistiques L4,4,IA,18,5,5,28,SDIA,GIT
Programmation L4,4,IA,22,9,12,43,SDIA,GIT
Optimisation L4,4,IA,12,9,4,25,SDIA,GIT
Programmation L4,4,Gestion,21,8,12,41,SDIA,GIT
Analyse L4,4,IA,21,6,6,33,SDIA,GIT
Optimisation L4,4,IA,22,9,9,40,SDIA,GIT
Systèmes L4,4,IA,18,9,7,34,SDIA,GIT
Programmation L4,4,Physique,17,7,11,35,SDIA,GIT
Systèmes L4,4,Mécanique,18,9,12,39,SDIA,GIT
Optimisation L5,5,Gestion,23,9,9,41,SDIA,GIT
Optimisation L5,5,Gestion,15,6,7,28,SDIA,GIT
Programmation L5,5,Data,16,7,6,29,SDIA,GIT
Systèmes L5,5,Data,20,7,5,32,SDIA,GIT
Optimisation L5,5,Info,19,9,10,38,SDIA,GIT
Analyse L5,5,Math,18,5,12,35,SDIA,GIT
Analyse L5,5,Physique,18,6,4,28,SDIA,GIT
Systèmes L5,5,Physique,16,6,8,30,SDIA,GIT
Optimisation L5,5,Math,12,7,7,26,SDIA,GIT
Optimisation L5,5,Mécanique,17,8,5,30,SDIA,GIT
Optimisation L5,5,IA,22,9,7,38,SDIA,GIT
Analyse L5,5,IA,15,9,8,32,SDIA,GIT
Optimisation L5,5,Math,18,8,9,35,SDIA,GIT
Optimisation L5,5,Mécanique,12,7,7,26,SDIA,GIT
Systèmes L5,5,Mécanique,24,8,7,39,SDIA,GIT
Programmation L5,5,Info,21,9,7,37,SDIA,GIT
Programmation L5,5,Physique,19,6,5,30,SDIA,GIT
Statistiques L5,5,Math,23,9,5,37,SDIA,GIT
Systèmes L5,5,Physique,18,7,12,37,SDIA,GIT
Analyse L5,5,Info,14,9,8,31,SDIA,GIT
Programmation L1,1,Info,19,6,4,29,MEMA,GM
Statistiques L1,1,Mécanique,21,5,8,34,MEMA,GM
Analyse L1,1,Mécanique,21,9,9,39,MEMA,GM
Programmation L1,1,Physique,23,7,12,42,MEMA,GM
Programmation L1,1,IA,20,5,12,37,MEMA,GM
Analyse L1,1,Info,20,9,10,39,MEMA,GM
Systèmes L1,1,Info,15,6,9,30,MEMA,GM
Statistiques L1,1,Data,16,6,12,34,MEMA,GM
Systèmes L1,1,IA,24,5,5,34,MEMA,GM
Analyse L1,1,Gestion,15,9,7,31,MEMA,GM
Statistiques L1,1,Info,17,8,5,30,MEMA,GM
Optimisation L1,1,Mécanique,20,7,4,31,MEMA,GM
Optimisation L1,1,IA,24,7,12,43,MEMA,GM
Programmation L1,1,Info,19,5,8,32,MEMA,GM
Programmation L1,1,Mécanique,20,5,5,30,MEMA,GM
Analyse L2,2,Physique,20,9,4,33,MEMA,GM
Analyse L2,2,Physique,22,6,10,38,MEMA,GM
Programmation L2,2,Math,20,8,5,33,MEMA,GM
Analyse L2,2,Math,19,7,4,30,MEMA,GM
Optimisation L2,2,Math,12,6,8,26,MEMA,GM
Statistiques L2,2,IA,21,6,8,35,MEMA,GM
Systèmes L2,2,Math,19,8,10,37,MEMA,GM
Analyse L2,2,Gestion,18,5,12,35,MEMA,GM
Optimisation L2,2,Math,23,9,5,37,MEMA,GM
Optimisation L2,2,Math,23,5,9,37,MEMA,GM
Systèmes L2,2,Mécanique,16,7,5,28,MEMA,GM
Analyse L2,2,IA,19,8,10,37,MEMA,GM
Programmation L2,2,Gestion,14,9,7,30,MEMA,GM
Programmation L2,2,Info,18,9,8,35,MEMA,GM
Optimisation L2,2,Mécanique,22,7,4,33,MEMA,GM
Analyse L3,3,Math,20,6,5,31,MEMA,GM
Optimisation L3,3,Data,21,9,10,40,MEMA,GM
Systèmes L3,3,Physique,13,7,7,27,MEMA,GM
Programmation L3,3,Physique,18,9,6,33,MEMA,GM
Programmation L3,3,Math,15,9,8,32,MEMA,GM
Optimisation L3,3,IA,14,9,4,27,MEMA,GM
Systèmes L3,3,Gestion,22,9,5,36,MEMA,GM
Programmation L3,3,Gestion,13,7,5,25,MEMA,GM
Systèmes L3,3,Physique,21,8,9,38,MEMA,GM
Systèmes L3,3,Data,22,6,5,33,MEMA,GM
Statistiques L3,3,IA,13,6,9,28,MEMA,GM
Optimisation L3,3,Physique,17,9,8,34,MEMA,GM
Systèmes L3,3,IA,21,9,9,39,MEMA,GM
Programmation L3,3,Mécanique,14,5,9,28,MEMA,GM
Systèmes L3,3,Physique,15,8,8,31,MEMA,GM
Statistiques L3,3,IA,22,7,11,40,MEMA,GM
Optimisation L3,3,Math,17,7,11,35,MEMA,GM
Systèmes L3,3,Mécanique,14,9,5,28,MEMA,GM
Systèmes L3,3,Gestion,14,9,7,30,MEMA,GM
Analyse L3,3,Mécanique,22,5,5,32,MEMA,GM
Optimisation L4,4,Physique,20,5,10,35,MEMA,GM
Optimisation L4,4,Data,12,9,8,29,MEMA,GM
Statistiques L4,4,Physique,19,6,9,34,MEMA,GM
Programmation L4,4,IA,24,9,8,41,MEMA,GM
Statistiques L4,4,Info,20,9,5,34,MEMA,GM
Optimisation L4,4,Gestion,20,5,7,32,MEMA,GM
Statistiques L4,4,Physique,14,9,6,29,MEMA,GM
Statistiques L4,4,Info,14,9,6,29,MEMA,GM
Programmation L4,4,Math,12,6,11,29,MEMA,GM
Analyse L4,4,Gestion,16,7,7,30,MEMA,GM
Statistiques L4,4,IA,15,9,9,33,MEMA,GM
Systèmes L4,4,Math,19,5,4,28,MEMA,GM
Systèmes L4,4,Data,23,9,8,40,MEMA,GM
Statistiques L4,4,Gestion,20,9,6,35,MEMA,GM
Optimisation L4,4,Info,18,7,5,30,MEMA,GM
Statistiques L4,4,Info,18,6,12,36,MEMA,GM
Optimisation L4,4,Math,17,8,11,36,MEMA,GM
Programmation L4,4,Physique,20,6,11,37,MEMA,GM
Programmation L4,4,Physique,13,9,8,30,MEMA,GM
Optimisation L4,4,Gestion,14,6,9,29,MEMA,GM
Systèmes L5,5,Gestion,13,6,10,29,MEMA,GM
Statistiques L5,5,Physique,13,8,11,32,MEMA,GM
Analyse L5,5,Physique,21,6,10,37,MEMA,GM
Programmation L5,5,Gestion,12,6,6,24,MEMA,GM
Analyse L5,5,Physique,20,5,6,31,MEMA,GM
Statistiques L5,5,Data,16,6,12,34,MEMA,GM
Analyse L5,5,Physique,21,5,8,34,MEMA,GM
Statistiques L5,5,Physique,19,9,11,39,MEMA,GM
Optimisation L5,5,Mécanique,15,8,6,29,MEMA,GM
Systèmes L5,5,Physique,24,6,12,42,MEMA,GM
Optimisation L5,5,Data,23,7,11,41,MEMA,GM
Statistiques L5,5,Physique,13,6,10,29,MEMA,GM
Optimisation L5,5,Mécanique,13,5,7,25,MEMA,GM
Optimisation L5,5,Math,20,8,6,34,MEMA,GM
Optimisation L5,5,Data,14,8,4,26,MEMA,GM
Statistiques L5,5,Gestion,24,5,5,34,MEMA,GM
Analyse L5,5,Mécanique,14,9,12,35,MEMA,GM
Statistiques L5,5,Info,22,8,12,42,MEMA,GM
Programmation L5,5,Mécanique,12,9,10,31,MEMA,GM
Optimisation L5,5,Mécanique,19,8,9,36,MEMA,GM
Statistiques L1,1,Physique,23,9,5,37,CIBI,GPR
Analyse L1,1,Info,16,8,7,31,CIBI,GPR
Systèmes L1,1,Physique,21,9,10,40,CIBI,GPR
Analyse L1,1,Data,12,5,12,29,CIBI,GPR
Systèmes L1,1,IA,12,8,7,27,CIBI,GPR
Statistiques L1,1,Gestion,17,5,6,28,CIBI,GPR
Optimisation L1,1,IA,21,7,8,36,CIBI,GPR
Statistiques L1,1,Mécanique,21,7,8,36,CIBI,GPR
Optimisation L1,1,IA,15,8,12,35,CIBI,GPR
Optimisation L1,1,IA,14,7,12,33,CIBI,GPR
Statistiques L1,1,Gestion,16,7,9,32,CIBI,GPR
Statistiques L1,1,Mécanique,14,5,7,26,CIBI,GPR
Programmation L1,1,Data,23,6,5,34,CIBI,GPR
Optimisation L1,1,Gestion,18,7,12,37,CIBI,GPR
Statistiques L1,1,Gestion,22,5,6,33,CIBI,GPR
Statistiques L2,2,Data,12,5,6,23,CIBI,GPR
Systèmes L2,2,Physique,18,5,5,28,CIBI,GPR
Statistiques L2,2,IA,17,5,4,26,CIBI,GPR
Optimisation L2,2,Math,21,9,8,38,CIBI,GPR
Statistiques L2,2,Math,24,6,11,41,CIBI,GPR
Programmation L2,2,Math,15,9,8,32,CIBI,GPR
Optimisation L2,2,Gestion,24,9,12,45,CIBI,GPR
Analyse L2,2,Info,15,9,6,30,CIBI,GPR
Analyse L2,2,Info,15,5,6,26,CIBI,GPR
Statistiques L2,2,IA,24,8,9,41,CIBI,GPR
Analyse L2,2,Gestion,21,6,12,39,CIBI,GPR
Optimisation L2,2,Info,23,5,5,33,CIBI,GPR
Systèmes L2,2,Mécanique,23,9,9,41,CIBI,GPR
Statistiques L2,2,IA,16,6,7,29,CIBI,GPR
Programmation L2,2,IA,21,5,8,34,CIBI,GPR
Analyse L3,3,Data,20,5,12,37,CIBI,GPR
Optimisation L3,3,Info,16,7,5,28,CIBI,GPR
Statistiques L3,3,IA,20,9,8,37,CIBI,GPR
Systèmes L3,3,Mécanique,21,8,7,36,CIBI,GPR
Statistiques L3,3,Math,19,8,4,31,CIBI,GPR
Programmation L3,3,Gestion,16,5,10,31,CIBI,GPR
Statistiques L3,3,Info,23,6,9,38,CIBI,GPR
Systèmes L3,3,Physique,20,9,4,33,CIBI,GPR
Systèmes L3,3,Math,16,5,10,31,CIBI,GPR
Systèmes L3,3,Info,20,6,11,37,CIBI,GPR
Programmation L3,3,Gestion,15,9,8,32,CIBI,GPR
Programmation L3,3,Physique,22,6,11,39,CIBI,GPR
Programmation L3,3,Physique,23,6,8,37,CIBI,GPR
Programmation L3,3,Mécanique,15,6,9,30,CIBI,GPR
Statistiques L3,3,Data,13,5,5,23,CIBI,GPR
Statistiques L3,3,Info,12,9,4,25,CIBI,GPR
Optimisation L3,3,Mécanique,21,7,11,39,CIBI,GPR
Optimisation L3,3,Info,16,8,6,30,CIBI,GPR
Analyse L3,3,Data,18,6,6,30,CIBI,GPR
Optimisation L3,3,Math,24,8,11,43,CIBI,GPR
Programmation L4,4,IA,20,7,10,37,CIBI,GPR
Systèmes L4,4,Gestion,13,9,11,33,CIBI,GPR
Statistiques L4,4,Data,12,5,7,24,CIBI,GPR
Optimisation L4,4,Mécanique,13,7,9,29,CIBI,GPR
Systèmes L4,4,Physique,16,6,12,34,CIBI,GPR
Systèmes L4,4,Physique,16,8,9,33,CIBI,GPR
Statistiques L4,4,Gestion,19,8,7,34,CIBI,GPR
Statistiques L4,4,Info,24,7,9,40,CIBI,GPR
Optimisation L4,4,Gestion,19,6,6,31,CIBI,GPR
Programmation L4,4,Data,15,5,8,28,CIBI,GPR
Programmation L4,4,Mécanique,18,8,7,33,CIBI,GPR
Analyse L4,4,Physique,23,6,11,40,CIBI,GPR
Optimisation L4,4,Data,18,8,6,32,CIBI,GPR
Systèmes L4,4,Info,23,7,11,41,CIBI,GPR
Statistiques L4,4,Math,20,9,4,33,CIBI,GPR
Programmation L4,4,Mécanique,23,6,4,33,CIBI,GPR
Statistiques L4,4,Gestion,16,8,5,29,CIBI,GPR
Systèmes L4,4,Data,17,7,9,33,CIBI,GPR
Analyse L4,4,IA,20,7,9,36,CIBI,GPR
Optimisation L4,4,Data,13,7,7,27,CIBI,GPR
Systèmes L5,5,Info,22,9,6,37,CIBI,GPR
Statistiques L5,5,Math,17,9,11,37,CIBI,GPR
Statistiques L5,5,Gestion,18,9,8,35,CIBI,GPR
Statistiques L5,5,Gestion,14,6,9,29,CIBI,GPR
Analyse L5,5,Math,21,9,10,40,CIBI,GPR
Systèmes L5,5,Info,14,7,7,28,CIBI,GPR
Optimisation L5,5,Gestion,22,7,8,37,CIBI,GPR
Systèmes L5,5,Gestion,18,7,11,36,CIBI,GPR
Statistiques L5,5,Physique,21,9,11,41,CIBI,GPR
Programmation L5,5,Gestion,14,5,6,25,CIBI,GPR
Programmation L5,5,IA,16,5,7,28,CIBI,GPR
Statistiques L5,5,Data,13,5,5,23,CIBI,GPR
Optimisation L5,5,Mécanique,12,5,10,27,CIBI,GPR
Optimisation L5,5,Physique,13,5,8,26,CIBI,GPR
Programmation L5,5,Physique,13,8,8,29,CIBI,GPR
Programmation L5,5,Physique,23,7,11,41,CIBI,GPR
Analyse L5,5,Gestion,20,6,4,30,CIBI,GPR
Statistiques L5,5,Mécanique,17,7,11,35,CIBI,GPR
Statistiques L5,5,Physique,20,7,12,39,CIBI,GPR
Optimisation L5,5,Data,23,9,6,38,CIBI,GPR
Optimisation L1,1,Gestion,19,9,10,38,GEE,GEE
Systèmes L1,1,IA,22,9,8,39,GEE,GEE
Statistiques L1,1,Info,20,6,5,31,GEE,GEE
Programmation L1,1,Info,17,8,8,33,GEE,GEE
Programmation L1,1,Info,12,5,12,29,GEE,GEE
Analyse L1,1,Gestion,16,8,12,36,GEE,GEE
Analyse L1,1,Mécanique,19,8,8,35,GEE,GEE
Analyse L1,1,Data,18,7,7,32,GEE,GEE
Optimisation L1,1,IA,17,6,10,33,GEE,GEE
Statistiques L1,1,Mécanique,18,6,6,30,GEE,GEE
Analyse L1,1,IA,18,6,8,32,GEE,GEE
Optimisation L1,1,Mécanique,22,6,12,40,GEE,GEE
Optimisation L1,1,Mécanique,23,7,8,38,GEE,GEE
Analyse L1,1,Physique,16,8,7,31,GEE,GEE
Statistiques L1,1,Data,14,7,5,26,GEE,GEE
Programmation L2,2,Info,19,7,11,37,GEE,GEE
Optimisation L2,2,Math,12,6,4,22,GEE,GEE
Systèmes L2,2,Physique,14,5,8,27,GEE,GEE
Programmation L2,2,Math,23,8,4,35,GEE,GEE
Programmation L2,2,Info,14,5,11,30,GEE,GEE
Systèmes L2,2,IA,18,7,11,36,GEE,GEE
Analyse L2,2,Mécanique,23,5,9,37,GEE,GEE
Systèmes L2,2,Mécanique,24,6,4,34,GEE,GEE
Statistiques L2,2,Physique,18,5,12,35,GEE,GEE
Analyse L2,2,Math,15,7,10,32,GEE,GEE
Statistiques L2,2,Physique,24,6,10,40,GEE,GEE
Statistiques L2,2,Gestion,23,5,7,35,GEE,GEE
Programmation L2,2,IA,24,5,12,41,GEE,GEE
Programmation L2,2,Gestion,18,7,9,34,GEE,GEE
Optimisation L2,2,Math,23,5,12,40,GEE,GEE
Programmation L3,3,Info,16,8,8,32,GEE,GEE
Programmation L3,3,Gestion,12,6,5,23,GEE,GEE
Programmation L3,3,Mécanique,18,7,4,29,GEE,GEE
Statistiques L3,3,Mécanique,16,9,5,30,GEE,GEE
Optimisation L3,3,Mécanique,15,5,4,24,GEE,GEE
Systèmes L3,3,Mécanique,23,8,6,37,GEE,GEE
Statistiques L3,3,Math,13,6,6,25,GEE,GEE
Analyse L3,3,Math,22,9,9,40,GEE,GEE
Analyse L3,3,Physique,17,6,12,35,GEE,GEE
Optimisation L3,3,Mécanique,19,6,9,34,GEE,GEE
Programmation L3,3,Math,22,7,11,40,GEE,GEE
Programmation L3,3,Info,23,8,9,40,GEE,GEE
Optimisation L3,3,Info,12,8,11,31,GEE,GEE
Optimisation L3,3,Physique,20,8,7,35,GEE,GEE
Statistiques L3,3,Info,20,7,9,36,GEE,GEE
Analyse L3,3,Data,21,9,6,36,GEE,GEE
Systèmes L3,3,Data,14,8,8,30,GEE,GEE
Optimisation L3,3,IA,17,8,4,29,GEE,GEE
Optimisation L3,3,Mécanique,23,6,4,33,GEE,GEE
Systèmes L3,3,Gestion,17,9,7,33,GEE,GEE
Programmation L4,4,Data,13,9,10,32,GEE,GEE
Programmation L4,4,Data,22,8,12,42,GEE,GEE
Systèmes L4,4,Math,16,7,10,33,GEE,GEE
Analyse L4,4,Mécanique,13,9,5,27,GEE,GEE
Programmation L4,4,Math,14,6,4,24,GEE,GEE
Analyse L4,4,Data,19,6,5,30,GEE,GEE
Optimisation L4,4,Data,22,8,11,41,GEE,GEE
Analyse L4,4,Info,23,9,8,40,GEE,GEE
Analyse L4,4,Physique,15,9,5,29,GEE,GEE
Statistiques L4,4,Mécanique,22,8,5,35,GEE,GEE
Optimisation L4,4,Gestion,22,5,9,36,GEE,GEE
Optimisation L4,4,Info,18,7,4,29,GEE,GEE
Systèmes L4,4,Math,20,5,5,30,GEE,GEE
Analyse L4,4,Gestion,15,9,5,29,GEE,GEE
Programmation L4,4,Physique,15,9,10,34,GEE,GEE
Optimisation L4,4,Gestion,20,6,6,32,GEE,GEE
Optimisation L4,4,Info,20,8,5,33,GEE,GEE
Analyse L4,4,Physique,22,8,10,40,GEE,GEE
Statistiques L4,4,Data,24,6,12,42,GEE,GEE
Optimisation L4,4,IA,17,6,12,35,GEE,GEE
Systèmes L5,5,Mécanique,17,7,12,36,GEE,GEE
Systèmes L5,5,Data,17,8,10,35,GEE,GEE
Programmation L5,5,IA,15,9,12,36,GEE,GEE
Systèmes L5,5,IA,24,9,8,41,GEE,GEE
Analyse L5,5,Info,19,8,4,31,GEE,GEE
Programmation L5,5,Info,21,5,12,38,GEE,GEE
Programmation L5,5,Mécanique,12,7,7,26,GEE,GEE
Optimisation L5,5,Data,17,5,8,30,GEE,GEE
Analyse L5,5,Math,20,9,6,35,GEE,GEE
Programmation L5,5,Info,19,7,6,32,GEE,GEE
Programmation L5,5,Info,17,9,7,33,GEE,GEE
Optimisation L5,5,IA,24,7,5,36,GEE,GEE
Systèmes L5,5,Mécanique,21,6,5,32,GEE,GEE
Optimisation L5,5,Mécanique,19,6,11,36,GEE,GEE
Analyse L5,5,Gestion,13,9,8,30,GEE,GEE
Analyse L5,5,Mécanique,24,9,10,43,GEE,GEE
Statistiques L5,5,IA,12,7,9,28,GEE,GEE
Statistiques L5,5,Math,13,6,4,23,GEE,GEE
Systèmes L5,5,Data,16,9,4,29,GEE,GEE
Optimisation L5,5,Gestion,21,6,9,36,GEE,GEE
Statistiques L1,1,IA,15,6,4,25,ENERGIE,GE
Analyse L1,1,Physique,24,9,12,45,ENERGIE,GE
Programmation L1,1,Physique,18,7,10,35,ENERGIE,GE
Optimisation L1,1,Gestion,17,5,11,33,ENERGIE,GE
Systèmes L1,1,Math,12,9,10,31,ENERGIE,GE
Programmation L1,1,Mécanique,18,9,10,37,ENERGIE,GE
Programmation L1,1,IA,14,8,12,34,ENERGIE,GE
Optimisation L1,1,Data,18,9,7,34,ENERGIE,GE
Programmation L1,1,Math,23,9,7,39,ENERGIE,GE
Optimisation L1,1,Math,16,8,9,33,ENERGIE,GE
Systèmes L1,1,Info,13,8,10,31,ENERGIE,GE
Optimisation L1,1,Gestion,15,7,9,31,ENERGIE,GE
Systèmes L1,1,Data,12,7,6,25,ENERGIE,GE
Statistiques L1,1,Math,24,8,6,38,ENERGIE,GE
Programmation L1,1,Mécanique,15,6,9,30,ENERGIE,GE
Analyse L2,2,Physique,23,5,5,33,ENERGIE,GE
Analyse L2,2,Info,21,6,8,35,ENERGIE,GE
Statistiques L2,2,IA,23,5,8,36,ENERGIE,GE
Optimisation L2,2,Physique,12,7,7,26,ENERGIE,GE
Systèmes L2,2,Data,15,9,12,36,ENERGIE,GE
Analyse L2,2,IA,19,9,6,34,ENERGIE,GE
Systèmes L2,2,Physique,21,9,4,34,ENERGIE,GE
Optimisation L2,2,Info,12,7,7,26,ENERGIE,GE
Analyse L2,2,IA,12,8,4,24,ENERGIE,GE
Analyse L2,2,Math,22,7,9,38,ENERGIE,GE
Statistiques L2,2,Data,16,8,7,31,ENERGIE,GE
Statistiques L2,2,Mécanique,23,5,9,37,ENERGIE,GE
Programmation L2,2,Physique,21,9,5,35,ENERGIE,GE
Analyse L2,2,Math,20,8,12,40,ENERGIE,GE
Systèmes L2,2,IA,15,9,8,32,ENERGIE,GE
Systèmes L3,3,Gestion,18,6,4,28,ENERGIE,GE
Programmation L3,3,Data,17,7,8,32,ENERGIE,GE
Statistiques L3,3,Mécanique,16,5,8,29,ENERGIE,GE
Programmation L3,3,Physique,12,9,8,29,ENERGIE,GE
Analyse L3,3,Gestion,17,8,6,31,ENERGIE,GE
Statistiques L3,3,Physique,18,9,7,34,ENERGIE,GE
Systèmes L3,3,Data,21,6,10,37,ENERGIE,GE
Programmation L3,3,Physique,17,8,12,37,ENERGIE,GE
Programmation L3,3,Mécanique,22,6,12,40,ENERGIE,GE
Programmation L3,3,IA,14,7,12,33,ENERGIE,GE
Systèmes L3,3,Math,24,6,6,36,ENERGIE,GE
Programmation L3,3,Info,20,9,5,34,ENERGIE,GE
Statistiques L3,3,IA,14,5,9,28,ENERGIE,GE
Programmation L3,3,Mécanique,16,8,8,32,ENERGIE,GE
Programmation L3,3,Math,15,5,6,26,ENERGIE,GE
Optimisation L3,3,Data,24,9,8,41,ENERGIE,GE
Programmation L3,3,Gestion,21,6,7,34,ENERGIE,GE
Statistiques L3,3,Physique,12,7,5,24,ENERGIE,GE
Systèmes L3,3,Physique,20,9,11,40,ENERGIE,GE
Programmation L3,3,Physique,18,8,11,37,ENERGIE,GE
Statistiques L4,4,Mécanique,15,6,4,25,ENERGIE,GE
Programmation L4,4,Gestion,12,7,10,29,ENERGIE,GE
Analyse L4,4,Physique,22,6,7,35,ENERGIE,GE
Systèmes L4,4,Mécanique,19,9,11,39,ENERGIE,GE
Statistiques L4,4,Mécanique,19,6,10,35,ENERGIE,GE
Systèmes L4,4,IA,12,9,10,31,ENERGIE,GE
Optimisation L4,4,Gestion,21,9,12,42,ENERGIE,GE
Analyse L4,4,IA,23,5,12,40,ENERGIE,GE
Optimisation L4,4,Data,19,5,7,31,ENERGIE,GE
Statistiques L4,4,Data,18,5,12,35,ENERGIE,GE
Systèmes L4,4,IA,24,5,7,36,ENERGIE,GE
Statistiques L4,4,Physique,18,7,8,33,ENERGIE,GE
Optimisation L4,4,Physique,18,7,4,29,ENERGIE,GE
Optimisation L4,4,Math,19,8,5,32,ENERGIE,GE
Programmation L4,4,IA,14,9,12,35,ENERGIE,GE
Analyse L4,4,Physique,18,7,11,36,ENERGIE,GE
Statistiques L4,4,Math,19,9,7,35,ENERGIE,GE
Analyse L4,4,Math,16,7,6,29,ENERGIE,GE
Analyse L4,4,Data,13,8,9,30,ENERGIE,GE
Optimisation L4,4,Physique,23,8,12,43,ENERGIE,GE
Analyse L5,5,Mécanique,18,9,10,37,ENERGIE,GE
Programmation L5,5,Mécanique,14,7,6,27,ENERGIE,GE
Statistiques L5,5,Info,14,6,4,24,ENERGIE,GE
Programmation L5,5,Math,16,8,8,32,ENERGIE,GE
Optimisation L5,5,Mécanique,14,6,4,24,ENERGIE,GE
Statistiques L5,5,Mécanique,16,5,11,32,ENERGIE,GE
Optimisation L5,5,IA,19,9,4,32,ENERGIE,GE
Statistiques L5,5,IA,15,6,11,32,ENERGIE,GE
Programmation L5,5,Data,19,5,4,28,ENERGIE,GE
Programmation L5,5,Math,16,9,12,37,ENERGIE,GE
Systèmes L5,5,Math,14,6,4,24,ENERGIE,GE
Systèmes L5,5,Math,14,5,8,27,ENERGIE,GE
Programmation L5,5,Physique,12,5,10,27,ENERGIE,GE
Programmation L5,5,IA,22,7,12,41,ENERGIE,GE
Analyse L5,5,Math,23,9,9,41,ENERGIE,GE
Systèmes L5,5,IA,24,7,9,40,ENERGIE,GE
Analyse L5,5,Info,13,8,12,33,ENERGIE,GE
Systèmes L5,5,Info,19,6,5,30,ENERGIE,GE
Programmation L5,5,Gestion,20,8,12,40,ENERGIE,GE
Analyse L5,5,Data,15,9,4,28,ENERGIE,GE
Statistiques L1,1,Gestion,23,9,5,37,EEAT,GESI
Statistiques L1,1,Data,23,9,8,40,EEAT,GESI
Optimisation L1,1,Data,17,7,12,36,EEAT,GESI
Optimisation L1,1,Gestion,17,6,11,34,EEAT,GESI
Programmation L1,1,Data,22,8,11,41,EEAT,GESI
Analyse L1,1,Math,15,7,7,29,EEAT,GESI
Programmation L1,1,Mécanique,12,8,5,25,EEAT,GESI
Analyse L1,1,Info,21,8,10,39,EEAT,GESI
Analyse L1,1,Gestion,17,9,7,33,EEAT,GESI
Analyse L1,1,Info,15,7,8,30,EEAT,GESI
Systèmes L1,1,Mécanique,16,9,12,37,EEAT,GESI
Systèmes L1,1,IA,12,5,9,26,EEAT,GESI
Programmation L1,1,Physique,23,9,4,36,EEAT,GESI
Statistiques L1,1,Mécanique,17,7,11,35,EEAT,GESI
Programmation L1,1,Gestion,12,6,11,29,EEAT,GESI
Statistiques L2,2,Mécanique,19,9,9,37,EEAT,GESI
Systèmes L2,2,Data,18,5,12,35,EEAT,GESI
Optimisation L2,2,Math,23,7,12,42,EEAT,GESI
Systèmes L2,2,Math,15,9,9,33,EEAT,GESI
Systèmes L2,2,IA,14,7,4,25,EEAT,GESI
Optimisation L2,2,Data,22,9,6,37,EEAT,GESI
Systèmes L2,2,Gestion,18,6,5,29,EEAT,GESI
Statistiques L2,2,Math,17,5,8,30,EEAT,GESI
Statistiques L2,2,Mécanique,19,6,9,34,EEAT,GESI
Systèmes L2,2,Physique,16,6,12,34,EEAT,GESI
Programmation L2,2,Math,13,7,4,24,EEAT,GESI
Statistiques L2,2,Data,19,9,4,32,EEAT,GESI
Statistiques L2,2,Gestion,14,6,9,29,EEAT,GESI
Programmation L2,2,Mécanique,20,7,9,36,EEAT,GESI
Programmation L2,2,Gestion,13,9,6,28,EEAT,GESI
Optimisation L3,3,Math,12,8,10,30,EEAT,GESI
Optimisation L3,3,Mécanique,12,7,4,23,EEAT,GESI
Analyse L3,3,Math,13,7,11,31,EEAT,GESI
Optimisation L3,3,Mécanique,20,7,4,31,EEAT,GESI
Programmation L3,3,Physique,16,6,9,31,EEAT,GESI
Systèmes L3,3,Mécanique,16,7,12,35,EEAT,GESI
Programmation L3,3,Physique,19,5,8,32,EEAT,GESI
Optimisation L3,3,Data,16,5,4,25,EEAT,GESI
Optimisation L3,3,Info,20,5,7,32,EEAT,GESI
Programmation L3,3,Gestion,20,7,8,35,EEAT,GESI
Programmation L3,3,Math,24,7,7,38,EEAT,GESI
Optimisation L3,3,IA,16,9,9,34,EEAT,GESI
Statistiques L3,3,Gestion,12,6,4,22,EEAT,GESI
Analyse L3,3,Math,12,5,10,27,EEAT,GESI
Optimisation L3,3,Data,18,8,6,32,EEAT,GESI
Systèmes L3,3,Info,22,8,9,39,EEAT,GESI
Statistiques L3,3,Data,15,9,5,29,EEAT,GESI
Analyse L3,3,IA,14,5,11,30,EEAT,GESI
Programmation L3,3,Physique,16,8,11,35,EEAT,GESI
Systèmes L3,3,IA,14,9,8,31,EEAT,GESI
Statistiques L4,4,IA,14,7,9,30,EEAT,GESI
Analyse L4,4,Info,12,5,11,28,EEAT,GESI
Systèmes L4,4,Mécanique,19,8,6,33,EEAT,GESI
Optimisation L4,4,Math,17,9,6,32,EEAT,GESI
Optimisation L4,4,Gestion,18,5,9,32,EEAT,GESI
Statistiques L4,4,IA,13,7,12,32,EEAT,GESI
Optimisation L4,4,Physique,21,8,7,36,EEAT,GESI
Statistiques L4,4,Math,20,6,11,37,EEAT,GESI
Statistiques L4,4,Data,17,6,10,33,EEAT,GESI
Programmation L4,4,Physique,24,7,12,43,EEAT,GESI
Analyse L4,4,Data,22,5,11,38,EEAT,GESI
Optimisation L4,4,Math,21,8,9,38,EEAT,GESI
Statistiques L4,4,Math,19,6,8,33,EEAT,GESI
Systèmes L4,4,IA,21,5,10,36,EEAT,GESI
Programmation L4,4,Mécanique,22,5,5,32,EEAT,GESI
Programmation L4,4,Gestion,14,9,4,27,EEAT,GESI
Systèmes L4,4,IA,14,8,12,34,EEAT,GESI
Programmation L4,4,Physique,21,9,11,41,EEAT,GESI
Optimisation L4,4,Mécanique,22,7,8,37,EEAT,GESI
Systèmes L4,4,Math,22,7,10,39,EEAT,GESI
Statistiques L5,5,Mécanique,21,5,12,38,EEAT,GESI
Systèmes L5,5,Data,14,7,4,25,EEAT,GESI
Systèmes L5,5,Math,12,5,12,29,EEAT,GESI
Statistiques L5,5,Gestion,16,5,7,28,EEAT,GESI
Statistiques L5,5,IA,21,8,9,38,EEAT,GESI
Programmation L5,5,Gestion,18,8,12,38,EEAT,GESI
Programmation L5,5,Data,14,8,6,28,EEAT,GESI
Programmation L5,5,Info,18,7,10,35,EEAT,GESI
Analyse L5,5,Math,22,6,6,34,EEAT,GESI
Statistiques L5,5,Gestion,22,5,6,33,EEAT,GESI
Programmation L5,5,Gestion,18,6,5,29,EEAT,GESI
Optimisation L5,5,IA,24,8,11,43,EEAT,GESI
Optimisation L5,5,IA,21,6,11,38,EEAT,GESI
Systèmes L5,5,Physique,20,8,10,38,EEAT,GESI
Optimisation L5,5,IA,14,8,4,26,EEAT,GESI
Systèmes L5,5,IA,23,6,12,41,EEAT,GESI
Analyse L5,5,Math,20,9,9,38,EEAT,GESI
Analyse L5,5,Data,21,8,9,38,EEAT,GESI
Optimisation L5,5,Mécanique,19,5,6,30,EEAT,GESI
Optimisation L5,5,Math,24,7,11,42,EEAT,GESI
Programmation L1,1,IA,20,9,5,34,Tronc Commun,TC
Optimisation L1,1,Info,22,5,12,39,Tronc Commun,TC
Optimisation L1,1,Mécanique,21,5,9,35,Tronc Commun,TC
Optimisation L1,1,IA,12,8,11,31,Tronc Commun,TC
Systèmes L1,1,Mécanique,21,7,10,38,Tronc Commun,TC
Analyse L1,1,Gestion,16,7,6,29,Tronc Commun,TC
Analyse L1,1,Gestion,21,7,8,36,Tronc Commun,TC
Optimisation L1,1,Math,19,9,6,34,Tronc Commun,TC
Systèmes L1,1,IA,22,7,4,33,Tronc Commun,TC
Analyse L1,1,Mécanique,13,6,12,31,Tronc Commun,TC
Programmation L1,1,Data,24,7,8,39,Tronc Commun,TC
Analyse L1,1,Gestion,16,7,8,31,Tronc Commun,TC
Optimisation L1,1,Gestion,13,9,6,28,Tronc Commun,TC
Programmation L1,1,Info,14,8,9,31,Tronc Commun,TC
Programmation L1,1,Mécanique,24,6,11,41,Tronc Commun,TC
Analyse L2,2,Physique,20,5,9,34,Tronc Commun,TC
Statistiques L2,2,Mécanique,21,6,11,38,Tronc Commun,TC
Programmation L2,2,Physique,18,6,11,35,Tronc Commun,TC
Systèmes L2,2,Mécanique,21,7,4,32,Tronc Commun,TC
Statistiques L2,2,IA,13,5,6,24,Tronc Commun,TC
Optimisation L2,2,Physique,19,7,11,37,Tronc Commun,TC
Systèmes L2,2,Physique,18,8,11,37,Tronc Commun,TC
Systèmes L2,2,Mécanique,20,8,4,32,Tronc Commun,TC
Optimisation L2,2,Gestion,19,8,9,36,Tronc Commun,TC
Systèmes L2,2,Mécanique,12,5,12,29,Tronc Commun,TC
Systèmes L2,2,Info,18,9,8,35,Tronc Commun,TC
Optimisation L2,2,IA,16,5,8,29,Tronc Commun,TC
Optimisation L2,2,Info,19,6,7,32,Tronc Commun,TC
Optimisation L2,2,Math,22,6,9,37,Tronc Commun,TC
Analyse L2,2,IA,22,5,5,32,Tronc Commun,TC
Statistiques L3,3,Info,13,9,5,27,Tronc Commun,TC
Programmation L3,3,Math,15,7,8,30,Tronc Commun,TC
Analyse L3,3,Data,12,9,5,26,Tronc Commun,TC
Analyse L3,3,Math,22,6,5,33,Tronc Commun,TC
Optimisation L3,3,Mécanique,21,6,10,37,Tronc Commun,TC
Systèmes L3,3,Info,14,5,6,25,Tronc Commun,TC
Systèmes L3,3,Mécanique,19,5,11,35,Tronc Commun,TC
Programmation L3,3,Mécanique,18,7,8,33,Tronc Commun,TC
Statistiques L3,3,IA,13,7,4,24,Tronc Commun,TC
Systèmes L3,3,Physique,17,5,8,30,Tronc Commun,TC
Programmation L3,3,Data,19,5,11,35,Tronc Commun,TC
Analyse L3,3,Physique,18,6,11,35,Tronc Commun,TC
Optimisation L3,3,Gestion,20,8,7,35,Tronc Commun,TC
Analyse L3,3,Math,13,8,8,29,Tronc Commun,TC
Statistiques L3,3,Math,13,5,8,26,Tronc Commun,TC
Analyse L3,3,Gestion,19,6,4,29,Tronc Commun,TC
Systèmes L3,3,IA,18,7,6,31,Tronc Commun,TC
Statistiques L3,3,IA,21,5,12,38,Tronc Commun,TC
Optimisation L3,3,Physique,18,8,5,31,Tronc Commun,TC
Analyse L3,3,Data,12,8,11,31,Tronc Commun,TC
Systèmes L4,4,IA,20,7,9,36,Tronc Commun,TC
Optimisation L4,4,Mécanique,12,5,9,26,Tronc Commun,TC
Systèmes L4,4,Gestion,17,5,11,33,Tronc Commun,TC
Analyse L4,4,IA,15,6,12,33,Tronc Commun,TC
Statistiques L4,4,Math,22,6,8,36,Tronc Commun,TC
Analyse L4,4,Gestion,22,7,11,40,Tronc Commun,TC
Analyse L4,4,Physique,19,6,6,31,Tronc Commun,TC
Statistiques L4,4,IA,12,9,7,28,Tronc Commun,TC
Statistiques L4,4,Data,13,9,8,30,Tronc Commun,TC
Analyse L4,4,Info,24,8,4,36,Tronc Commun,TC
Statistiques L4,4,Math,12,7,4,23,Tronc Commun,TC
Optimisation L4,4,Physique,15,9,11,35,Tronc Commun,TC
Analyse L4,4,Math,23,9,7,39,Tronc Commun,TC
Analyse L4,4,IA,23,6,11,40,Tronc Commun,TC
Programmation L4,4,Math,21,5,7,33,Tronc Commun,TC
Analyse L4,4,IA,14,5,8,27,Tronc Commun,TC
Analyse L4,4,Math,21,6,5,32,Tronc Commun,TC
Analyse L4,4,Mécanique,19,9,7,35,Tronc Commun,TC
Statistiques L4,4,Info,15,8,9,32,Tronc Commun,TC
Programmation L4,4,Info,13,9,12,34,Tronc Commun,TC
Optimisation L5,5,Physique,24,6,4,34,Tronc Commun,TC
Systèmes L5,5,Physique,17,5,5,27,Tronc Commun,TC
Systèmes L5,5,Data,24,8,6,38,Tronc Commun,TC
Optimisation L5,5,Math,14,8,7,29,Tronc Commun,TC
Programmation L5,5,Math,14,5,10,29,Tronc Commun,TC
Analyse L5,5,Physique,19,5,4,28,Tronc Commun,TC
Statistiques L5,5,Gestion,13,9,8,30,Tronc Commun,TC
Programmation L5,5,Physique,24,8,6,38,Tronc Commun,TC
Statistiques L5,5,IA,22,7,12,41,Tronc Commun,TC
Optimisation L5,5,Physique,15,6,4,25,Tronc Commun,TC
Systèmes L5,5,Info,23,8,5,36,Tronc Commun,TC
Programmation L5,5,Physique,18,5,12,35,Tronc Commun,TC
Optimisation L5,5,Info,13,9,5,27,Tronc Commun,TC
Programmation L5,5,IA,24,9,12,45,Tronc Commun,TC
Analyse L5,5,Physique,24,6,8,38,Tronc Commun,TC
Statistiques L5,5,Physique,13,6,11,30,Tronc Commun,TC
Systèmes L5,5,Info,14,5,4,23,Tronc Commun,TC
Systèmes L5,5,Data,15,8,8,31,Tronc Commun,TC
Analyse L5,5,Gestion,24,8,4,36,Tronc Commun,TC
Programmation L5,5,Mécanique,12,9,6,27,Tronc Commun,TC
